"Noah ID","Latitude","Longitude","Common Name","Scientific Name","Description","Habitat","Notes","Category","Continent","Country","Primary Image URL","Spotted Date","Submitted Date","Favorite Count","Suggestion Count","Comment Count","Tags","Missions"
37720029,"-33.3481750279","-70.5652550233","Espino","Acacia cavens",,,,"plant","south_america","Chile","http://lh5.ggpht.com/oQagFRXN1KaAqTvyxUrYoLdpVWMcYxe_CtaSniI8BY3KvkeYv2nXhdUmwK1aHYs0Yj_1le_l1JCpslC1idQ","2012-05-01 00:00:00","2013-09-03 01:06:14.367710",1,0,0,"cerro manquehue","42718019,13343006,8339443,8166383,8001555"
162726081,"-33.3519319246","-70.5598238083","Espino (flores)","Acacia cavens",,,,"plant","south_america","Chile","http://lh5.ggpht.com/f0fLcNAJKcDGkGLvObw7zoJsIcbSSP-y8xA56M-3N__X6kBx1-LmobJH4WECbVK1f1so2R5Eshqvwiwsi5FR","2012-09-19 00:00:00","2014-02-12 22:52:27.369000",2,0,0,"acacia; espino; spines; espinas; flor; flower; yellow; amarillo; tree; árbol; cerro manquehue","42718019,13343006,8305935,8166383,8001555"
42700035,"-33.3339327935","-70.5711505187","Adesmia","Adesmia sp.",,,,"plant","south_america","Chile","http://lh5.ggpht.com/tJ7QsUnCSmuCoZ9X2DiHfFsUATh53K3mzC11Ghxg8kCJfcPstwD0IgBFPUCuQiYbP9381hbV9DYk0HE3VtMMJQ","2012-09-01 00:00:00","2013-10-05 20:28:27.046320",0,0,0,"cerro manquehue","42718019,13343006,8305935,5013012,8001555"
42706137,"-33.3398755571","-70.5678514016","Culantrillo","Adiantum chilense hirsutum","Palito negro is a fern growing up to 40cm in length, or height.",,,"plant","south_america","Chile","http://lh6.ggpht.com/2oPXy_5HqIAivEKnDOFZK0PCDr3Zovfd64M0W7N58NLnirPv5WH5AFAogSapZgsRdpBNLnnHxqI-xhVlRhhr","2012-09-01 00:00:00","2013-10-06 18:43:30.941800",0,0,0,"cerro manquehue","42718019,11358311,8045054,8001555"
43530218,"-33.3345329027","-70.5681386562","Ortiguilla","Amsinckia calycina","Family: Boraginaceae",,,"plant","south_america","Chile","http://lh4.ggpht.com/da6z-S8g04VdmsG9o7veB31Su1r_hTkHIT-Eou-xrhUuWewB4ldECjaXtELPtLn3kHp70KiQ3LemxFsdC2TfmA","2012-09-17 00:00:00","2013-10-10 01:23:09.216420",0,0,0,"cerro manquehue; hierba; amarillo; amarilla; yellow; pelos; boraginaceae; nativa; herb","42718019,13343006,8305935,5013012,8001555"
42701027,"-33.3386386352","-70.5674383414","Ortiguilla","Amsinckia calycina",,,,"plant","south_america","Chile","http://lh6.ggpht.com/GtcSxiiK611N8fhohCMhG02rwn6Fu6Ra9-0FR_f595iFofaJ2u6x5MeOat38Z_ZEQDWHhlkuKszg1qDSATTi","2012-09-01 00:00:00","2013-10-05 19:53:48.648620",0,0,0,"cerro manquehue","42718019,13343006,8305935,5013012,8001555"
311756431,"-33.3347413082","-70.5664488647","Pimpinela","Anagallis arvensis","Superior taxa: Myrsinaceae / Ericales <br>
 Scarlet pimpernel has weak sprawling stems growing to about 50 cm (20in.) long, which bear bright green ovate sessile leaves in opposite pairs. The small orange, red or blue flowers are produced in the leaf axils from spring to autumn. <br>
 <br>
 Planta anual con tallo de 2,5 hasta 70 cm, erecto o procumbente. [Hoja]]s de 5-30 por 3-15 mm, opuestas, a veces las superiores tri/quadri-verticiladas, sésiles, ovado-oblongas, rara vez lanceoladas con el envés frecuentemente con puntos pardo-negruzcos. Flores con pedicelo de 8-40 mm, más largo que la hoja axilante, recurvado en la fructificación. Cáliz de 2-6,5 mm, con 4-5 dientes aquillados, con amplio margen escarioso, generalmente más cortos que los pétalos en el botón floral; tubo 0,5-1 mm. Corola de 4-15 mm de diámetro, rotácea; 5 lóbulos de 1,5-7 mm, obovados, con margen algo crenulado, raramente denticulado y con pelos marginales glandulares, tricelulares, con la célula terminal globosa; tubo corto de unos 0,2 mm; color azul (Anagallis arvensis var. caerulea) con un anillo rojizo en la garganta, o anaranjado, asalmonado o rojizo con un anillo purpúreo en la garganta. Estambres con filamento de 1-3 mm, con pelos de color purpúreo, a veces amarillo o blanquecino; anteras de 0,3-0,9 mm, más o menos elipsoidales. Estilo de 1-2,5 mm. Fruto de 3,5-6 mm de diámetro con 20-35 semillas ,de 0,9-1,4 por 0,6-1 mm.6
<br>
La subespecie Anagallis arvensis ssp. foemina tiene flores brillantes azul oscuras. Ha sido considerada como una especie distinta: Anagallis foemina, posteriormente rebajada a condición de simple subespecie.",,"Podría tratarse de una: Anagallis arvensis var. foemina
Por los pelos más escasos en el borde de los pétalos.","plant","south_america","Chile","http://lh5.ggpht.com/qnSvZt-VNk-o75y1Yh_WK6erJJmlnXN_U1XaRSIHeGGrNkNG331DoIqD35Hcq9VDJIMlq6qNIYqWxQfVm0xogg","2012-10-15 00:00:00","2014-05-28 02:15:29.209580",0,0,0,"cerro manquehue; flor; hierba; flower; herb; blue; red; scarlet; escarlata; rojo; azul; morado; purple; yellow; amarillo; fucsia","42718019,13343006,5013012,8001555"
43526231,"-33.334281919","-70.5680957409","Manzanilla bastarda","Anthemis sp.",,,"Because of the smell I'd say it could be Anthemis cotula ","plant","south_america","Chile","http://lh3.ggpht.com/mfa0EudSSvG3FWnZsYn9X2RcXiHmOqYCZr8KZb_iSfUtnbKhawlNiKrFzmiXjbwQlu79T7sKL-YHScequzc","2012-09-17 00:00:00","2013-10-10 01:35:30.268530",2,0,0,"hierba; amarillo; blanco; herb; yellow; white; amarga","42718019,13343006,8045054,5013012,8001555"
42707167,"-33.3420625354","-70.5657914651","Cardo Santo","Argemone sp.","Looks like a thistle and has a flower like a poppy. It was an unexpected spotting, never knew of this plant.",,"Looks a lot like Argemone subfusiformis (native to the region), but it's supposed to be rare, so it could be a Argemone mexicana, wich is supposed to be a common weed, and this was found in a patch of California Poppy.
","plant","south_america","Chile","http://lh5.ggpht.com/OroUd7cBFIQA4W5VMZIQ89hVW2cqp9vGLMMPiejeC1xQBvyzvlM8UUI2yLmFy-vvXj8IU8UtQkHGGG5NXbEg","2012-09-01 00:00:00","2013-10-06 19:42:03.899050",0,2,0,"cerro manquehue","42718019,13343006,8305935,5013012,8001555"
324576029,"-33.3341138493","-70.5680903766","Barbarea sp.","Barbarea sp.","Hierba de flor amarilla, hoja grande, muy abundante en primavera.",,"Posible Barbarea vulgaris.","plant","south_america","Chile","http://lh5.ggpht.com/1uzgSOWqJMwjrw_uSs4jQXnpyobBL7cL5swEo3BNL-sneYKk9EqwI6YiKqvZnqes3YrSC_H5M-lyqyW3smM8tg","2012-10-09 00:00:00","2014-05-20 06:08:24.879160",0,0,0,"cerro manquehue; flor; flower; yellow; amarillo; hoja grande; big leaf; hierba; herb; racimo","42718019,13343006,8305935,5013012,8001555"
157326049,"-33.3519968983","-70.5599632832","Calandrinia","Calandrinia sp.",,,"Possible Calandrinia compressa.","plant","south_america","Chile","http://lh6.ggpht.com/BJUVJ7XDTSBarTiJ2QPGD8-GmoJqQ9cfMsT2f0P7FdiC7BwuauMuzKBdF1ghpXSPJO2macQWyiTSy8vdlV18","2012-09-19 00:00:00","2014-02-12 11:00:36.621330",0,0,0,"flor; hirba; herb; flower; small; pequeña; cerro manquehue","42718019,13343006,5013012,8001555"
42339115,"-33.3357882701","-70.5702010167","Bolsa del Pastor","Capsella bursa-pastoris",,,,"plant","south_america","Chile","http://lh4.ggpht.com/6q0aGsYiUPcIEHLzMtdC3s_pFiBISeH2ZNof9fszMtNQ52bQ827wNNubIv_0Vnhkbe5nrKi-wKAAjsaIyoWW","2012-09-01 00:00:00","2013-10-06 18:08:19.700120",0,0,0,"cerro manquehue","42718019,13343006,8339443,8045054,8001555"
42449004,"-33.3535163854","-70.5195501817","Jilguero","Carduelis barbata","Superior taxa: Fringillidae, Passeriformes",,,"bird","south_america","Chile","http://lh5.ggpht.com/0NA-3NszObn5x0Ya8vcHUXwuz2LmpnA2kNEdEdRuB3lHQFM_UMDQP7HPWuH4SZ8J0z9zKbNEFB6ywIbdYB4Q","2013-08-11 00:00:00","2013-10-05 01:43:07.014930",4,0,1,"cerro manquehue","5033011,42718019,8305935,8229211,8001555"
166276012,"-33.3455575416","-70.5685463521","Carposcalis Syrphidae","Carposcalis sp.","Family: Syrphidae<br>
","Bushes on a hill.","The larvae of this species eat aphids.<br>
Syrphids are hard to ID, specially because of the little documentation on them, I was thrilled to find a document with keys for identifying 6 species found here.<br>
http://www.magrama.gob.es/ministerio/pags/Biblioteca/Revistas/pdf_Plagas%2FBSVP_38_01_3_15.pdf","invertebrate","south_america","Chile","http://lh5.ggpht.com/rfSxy5DKsazTOWYPSJEQLl5pHbwnoMr1x19rX0baGnLmzamjXh2oLZHw2vRadYYBdK2DERqKJOg4bgnPGBvjlA","2014-02-11 00:00:00","2014-02-11 15:22:29.242780",1,0,0,"sírfido; mosca abeja; hoverfly; hover fly; syrphidae; cerro manquehue; dorado; gold; black; negro; oro; golden","42718019,15711838,8526126,7740674,8001555"
166576003,"-33.3518826341","-70.5594375702","Doradilla","Cheilanthes hypoleuca","Family: Adiantaceae<br>
Small sturdy fern, resists several months without water.",,,"plant","south_america","Chile","http://lh6.ggpht.com/Ec7-rVvQ9kAk3wMGrrQti3J0MoJ_WGAJoVA58OL9Wd6v0fXHOrkEFk8AReGuhgrOc4njOXi_tinRWln_hEhY","2012-09-19 00:00:00","2014-02-12 22:06:02.855140",0,0,0,"fern; helecho; small; pequeño; verde; green; café; brown; cerro manquehue","42718019,13343006,11358311,8001555"
38348031,"-33.3518853345","-70.5594829095","Doradilla","Cheilanthes hypoleuca","Superior taxa: Adiantaceae, Pteridophytes<br>
Sinonimia: Notholaena tomentosa<br>
Crece generalmente hasta los  30 cm.","Muy común en todo Chile central. Crece en las hendiduras de las rocas asoleadas, en laderas y quebradas rocosas.","Este es quizás el helecho que se vende con más frecuencia en la mayoría de herbolarios de Santiago, quienes lo recomiendan como emenagogo y diurético. Se emplea toda la planta en infusión y figuraba entre las plantas diuréticas de la antigua farmacopea chilena. ","plant","south_america","Chile","http://lh5.ggpht.com/brg1CZu9DGDq8DY9UkKKd3qh8dKbNMnGIluWt0saZvz4_THeNPKLvk8cC0Mexve9BLdYc1bp0yTS_IydnNangw","2012-05-01 00:00:00","2013-09-03 01:27:35.150910",0,0,0,"cerro manquehue","42718019,13343006,11358311,8045054,8001555"
16954539,"-33.3313549862","-70.5717958899","Green cuckoo wasp","Chrysididae",,,"Possible Chrysis sp (Hymenoptera Chrysididae)<br>
Previously thought to be Corynura chloris.<br>
I had never seen these bees before, that morning I saw two of those flying around far away and thought it would be nice take a closer look, but they flew immaterially. Later this bee landed just next to me in that branch. ","invertebrate","south_america","Chile","http://lh3.ggpht.com/mWN6U6yXeEO0jcW5faVZXP5VMlga0rYJ0ytlcU2k-UWf6henlVpvSHr2s5oq4Vriv2dnjlXpoLwyYWgqHR6HrA","2012-11-11 00:00:00","2013-01-06 14:35:08.224567",6,0,7,,"42718019,15711838,8001555"
229696018,"-33.3345441072","-70.5683264108","Cistanthe sp.","Cistanthe sp.","Family: Portulacaceae",,,"plant","south_america","Chile","http://lh6.ggpht.com/idK2hke8h13_Oc4MyqTnphp4h8MEL2M7in4AB3u7l2duAwehTg5HUZa8RBaplOfSV6uEIve0OO1sni_ar3x8kQ","2012-09-23 00:00:00","2014-04-01 11:50:05.761970",0,0,0,"flor; flower; suculenta; pink; rosado; cerro manquehue; planta; plant","42718019,13343006,5013012,8001555"
328586021,"-33.3360320667","-70.566556153","Huasita","Clarkia tenella","Clarkia tenella es una planta anual de floración primaveral, erecta, de hasta 30 cm de altura, que habita desde Coquimbo a Chiloé tanto en terrenos bajos como en ambas cordilleras (Hoffmann, 1998). Posee flores solitarias, axilares, ubicadas en tallos simples, las cuales varían desde el blanco al fucsia intenso. El fruto es una cápsula que posee numerosas semillas, las cuales poseen buena capacidad de germinación. Es una especie de rápido crecimiento, que requiere alta luminosidad y suelos con buen drenaje (Riedemann y Aldunate 2004). Se adapta bien como planta de jardín formando atractivos macizos.",,"ref.<br>
http://www.chileflora.com/Florachilena/FloraEnglish/HighResPages/EH0242.htm","plant","south_america","Chile","http://lh6.ggpht.com/9saMLs2bH1tuvWTdG_DqGpnNIQ0RtuUhKeTWFM17pHf7QzkRU-jjUjxTjcbY5qJuoDdiN854o0zHbyuMaOIQ","2012-10-15 00:00:00","2014-05-20 13:45:12.795480",0,0,0,"herb; hierba; purple; morado; pink; rosado; cerro manquehue","42718019,13343006,5013012,8001555"
38159111,"-33.3398505335","-70.5673203468","Springtails","Collembola sp.",,"Floating on a pond on the street, near a drain, the day after of some rain.","Up until recently I had no idea what these where, but then I saw something similar in a spotting and I discovered this peculiar group of arthropods.","invertebrate","south_america","Chile","http://lh4.ggpht.com/ytLcagh4vE-HGvEgXTUw5MTQfqHFczz4FCSseHi1dufEgB19Db60FrJMcsC7ARANzWXfG5UY_JTFoR3EJJw","2011-07-16 00:00:00","2013-09-05 03:08:47.828250",0,0,0,"cerro manquehue","42718019,8001555"
43763118,"-33.3355054574","-70.5667439076","Colliguai","Colliguaja odorifera",,,,"plant","south_america","Chile","http://lh5.ggpht.com/4h0LqaJCWT-o0ORHEIcLfbYflAq1qvctnFUQkm2zEkDl-hWoPQMQoeZt6BjanGFoIXMRdOazJWgyCpgZgUkw","2012-09-17 00:00:00","2013-10-11 02:17:21.898120",0,0,0,"arbusto; shrub; red; rojo; nativo","42718019,13343006,8339443,5013012,8001555"
38139048,"-33.3455490389","-70.5685863269","Colliguay","Colliguaja odorifera","Superior taxa: Magnoliopsida, Euphorbiaceae, Hippomaneae<br>
Es un arbusto siempreverde de hasta 2 m. La corteza es café-pardo y se desprende fácilmente, liberando látex de color blanco si se lo tala. Sus hojas son pecioladas, de color verde claro, oblongas a elípticas, opuestas, de ápice redondeado, mucronado o agudo. Los bordes son aserrados y glandulosos. Las medidas de la lámina son de 15 a 45 mm de longitud, con un ancho de 8 a 20 mm.
<br>
Posee inflorescencias terminales unisexuales en tonos de amarillo a rojizo. Las flores femeninas muestran un estigma trífido, siendo más gruesas que las masculinas, estas últimas contienen de 8 a 12 estambres, y se ubican en lo más alto de la espiga. Su fruto es una cápsula tricoca con un diámetro 20 mm. Al terminar de madurar, se abre violentamente, lanzando las semillas que contenía su interior a varios metros de distancia, evitando de esta manera la competencia con la planta madre.<br>
Sus flores masculinas en ocasiones degeneran en agallas producidas por insectos parásitos que depositan sus huevos en ellas.
<br>
Su corona radical posee una inflamación como protección del tallo contra la destrucción del fuego, llamada lignotúber. La corona contiene yemas de las cuáles nuevos tallos pueden brotar, y una suficiente provisión de nutrientes para apoyar un período de crecimiento en la ausencia de fotosíntesis.","Esta especie arbustiva se la encuentra en terrenos pedregosos y áridos, expuestos al sol, en el bosque esclerófilo hasta los 1200 msnm.<br>
Es una especie endémica de Chile, creciendo desde Antofagasta hasta Linares. Cuenta con registros en las siguientes regiones: Región de Antofagasta, Región de Atacama, Región de Coquimbo, Región de Valparaíso, Región Metropolitana de Santiago, Región del Libertador General Bernardo O'Higgins, hasta la Región del Maule.","Es un arbusto ornamental. En medicina popular se emplea contra el dolor de muelas. La corteza se utiliza como sucedáneo del jabón.","plant","south_america","Chile","http://lh4.ggpht.com/SzD1f9JCwesTv95eOzPkrRvzji1ZMohoJH2TehSSvKDcWfxtdAkOKECgXMbizv1KmEitiG_J1YnhO4RYkmMWMQ","2012-07-15 00:00:00","2013-09-04 18:07:45.430110",1,0,0,"cerro manquehue","42718019,13343006,4950011,8045054,5013012,8001555"
43527243,"-33.3344656749","-70.5681708428","Cryptantha","Cryptantha sp.",,,,"plant","south_america","Chile","http://lh4.ggpht.com/PRqR78hzFgKSv0LPOWFa-N1fF6ZlQS14abN12uwqIrSJawzOSxvnAdpeDIeC_9NIjHIkabugUt0KAGReCgEk","2012-09-17 00:00:00","2013-10-10 01:57:28.352400",2,0,0,"hierba; herb; cerro manquehue; white; hair; pelos; blanca","42718019,13343006,5013012,8001555"
240726047,"-33.3353866898","-70.5669262978","Papa cimarrona","Dioscorea saxatilis","Family: Dioscoreaceae<br>

Dioscorea saxatilis es una especie de plantas nativas herbáceas, con un hábito que pueden ser volubles, rastreras o erectas, carecen de pelos (son glabras). Presenta raíces y rizomas de tipo tuberoso. Sus hojas membranáceas, tiene forma de linear a angostamente lanceolada, con un tamaño de 1-5 cm de largo, presentando de uno a tres nervaduras. <br>

Esta especie presenta sus flores en inflorescencias en racimos solitarios en la axila de las hojas. Sus flores son pequeñas, actinomorfas, dioicas, de color blanco a verdoso, conteniendo a 6 tépalos. <br>

Los frutos de Dioscorea saxatilis están compuestos por una cápsula acorazonada, de 10 a 12 mm de diámetro, de textura coriácea, caracterizada por contar con 3 alas. Cada lóbulo del fruto desarrolla dos semillas planas.<br>","Es endémica de Chile. Crece como planta nativa de forma exclusiva entre las Regiones de Coquimbo y del Maule.",,"plant","south_america","Chile","http://lh6.ggpht.com/F-6gtirhSpzZF-MGmVr_09EyZPM1xI-0p1ciM6aYFWucqc7HUIsCrb6UPWkmbZ51yMKQPujtLRnZBKdTW_yI","2012-09-23 00:00:00","2014-04-08 16:18:54.026200",0,0,0,"vine; enredadera; trepadora; cerro manquehue","42718019,13343006,8339443,8001555"
36778018,"-33.353498462","-70.5195716393","Dischistus fly","Dischistus maculatus","Brown furry hovering fly of about 3cm in length, with a long proboscis of about 1.5cm more.<br>
Superior taxa: Bombyliidae, Dipeta","Found it feeding on a “Cedrón” or Lemon verbena (Aloysia triphylla)",,"invertebrate","south_america","Chile","http://lh6.ggpht.com/QiBXp1mu18xThgQPScdKskykM31w9K8UHowAruh1De-tTGRHnWKAO2dUct9Uvw50W-f12IQ0IMN1n-lIZupseg","2012-04-01 00:00:00","2013-08-15 01:56:48.719520",4,0,2,"moscas; fly; chile; cerro manquehue","42718019,8058355,15711838,10756138,8526126,7740674,8001555"
38430060,"-33.3368370001","-70.5614087356","Diuca","Diuca diuca",,,"My grandfather commented that year (2012) on how many Diucas there where, he didn't remember seeing as many since he was a child.","bird","south_america","Chile","http://lh4.ggpht.com/jCT-OX4vYEOdfduZp5ppeMVKbSqEHZq9lmqabe3zr_l3qEXO1viiqtMdIGqnYHR7TgWWSku0mDCZxOYZdNWA","2012-07-15 00:00:00","2013-09-03 02:40:09.398510",1,0,0,"cerro manquehue","42718019,23321052,8058355,35017,8229211,8001555"
37971025,"-33.3398217783","-70.5499986184","Diuca","Diuca diuca",,,,"bird","south_america","Chile","http://lh3.ggpht.com/lfugLWIY2kqsvXbx3EMP_t8hFMhqze3NmYX8MhP__hy8a8xrpx9blgQiEZdUqz52mLk5R2c3tM_da4AtaPC4Ag","2012-04-15 00:00:00","2013-08-28 02:01:08.354400",0,0,0,"cerro manquehue","5033011,42718019,23321052,8058355,8229211,8001555"
42532002,"-33.3348739822","-70.5710485948","Quisco","Echinopsis chiloensis",,,,"plant","south_america","Chile","http://lh6.ggpht.com/yxEQ70XCZBKxXYQxJ6PhjQz2qjrsVZZ_goqpu2cSEyNqX2leO2FSgXt4ass_aqVx3AENhXv2T8bvlFycLxw","2012-07-22 00:00:00","2013-10-05 01:39:21.175610",2,0,0,"cerro manquehue","42718019,13343006,8001555"
318396397,"-33.3377530482","-70.5665668819","Chinita chilena","Eriopis connexa","Larvae of a Eriopis connexa.",,"Found at the roadside.","invertebrate","south_america","Chile","http://lh4.ggpht.com/8FtkqT3tZLuN6t1VuA1moyoR1oCn2bD53fqEPRa-N13Q1OWFc3gLQoUpgDsB2RWLxPRYSI6zucxH_VotOqkj","2012-10-15 00:00:00","2014-05-28 02:37:46.682510",1,0,0,"bug; ladybug; lady bird; cerro manquehue; orange; brown; black; naranja; café; negro; larva; larvae","42718019,15711838,9420720,8001555"
11516439,"-33.3525254172","-70.5180551501","Chinita chilena","Eriopis connexa","Eriopis connexa is an important aphidophagous coccinelid, widely distributed in several South American countries. <br>
 <br>
La más común de las chinitas chilenas.<br>
La forma típica se encuentra en Argentina, Brasil, Bolivia y Ecuador, la subespecie chilensis en Chile y el sur de Perú, mientras la ssp. mollendoensis se encuentra en el centro de Perú. <br>
Puntos clave de identificación:<br>
    Elitros claros tres franjas negras, no existe la tercera franja negra que poseen todas las demás especies del género. Muy raramente la segunda franja interrumpida.<br>
    Elitros con zonas claras anaranjadas, conectadas al borde lateral. No existen manchas claras aisladas. Esta característica la diferencia de todas las demás subespecies. A veces las manchas anaranjadas son a su vez invadidas de manchas blancas, tanto en los élitros como en el pronoto, característica que también se da en la especie típica. <br>
    Mancha clara central delantera del pronoto siempre aislada de la franja clara del borde lateral.<br>
    Tamaño entre 4,3 y 5,8 milímetros<br>","Eriopis connexa is commonly found in Argentina, Brazil, Peru, Bolivia, Ecuador and Chile. The chilensis subspecies is found only in Chile. From around 22º to 47º lat. South<br>
<br>
La especie se distribuye desde la I Región de Tarapacá hasta la X Región de Los Lagos. También ha sido citada de la Isla de Pascua, 4000 kilómetros al oeste de Antofagasta. En la zona norte de Chile, en los valles de Arica y en el interior  de la Región de Antofagasta, es muy común durante todo el año, como activo depredador de áfidos.","20 years ago, it was the most common ladybug by far, now it's quite rare, the blame is being put to the introduction of the Asian Ladybug (Harmonia Axyridis)","invertebrate","south_america","Chile","http://lh6.ggpht.com/MFzlz2nVCtmUTFAnqOHzaHIgrO9yDEksXKEDxnaTwzRzLcrMfw_WGfWSqYOtbwk7-npA5utBft5fneG277g","2012-04-17 00:00:00","2012-06-15 17:34:32.035438",0,0,0,,"42718019,34021,8001555"
42990006,"-33.3358241243","-70.5701044572","Alfilerillo","Erodium ciculatrium",,,,"plant","south_america","Chile","http://lh5.ggpht.com/Z6qbHRRE0x9VlN6ePjDYt_y3whEUhv__Flj_x_KhCINehGU07gP821ddGUFpsvkcnN0-OrbaD6WIm1dVPg78","2012-09-01 00:00:00","2013-10-06 17:55:08.627920",0,0,0,"cerro manquehue","42718019,13343006,8339443,5013012,8001555"
42707166,"-33.3420625354","-70.5657914651","Dedal de oro","Eschscholzia californica",,,,"plant","south_america","Chile","http://lh5.ggpht.com/sta1s7c4SFdiTlmrkv64iR6pv3iyB6AlhNjufJ5mSm4TwpJcmfd3V2ngz9JEgkMVqXTMWRKUkLhVz-DsB_1s","2012-09-01 00:00:00","2013-10-06 19:38:00.047860",1,0,2,"cerro manquehue; naranja; hierba; herb; orange; introducida; naturalizada","42718019,13343006,5013012,8001555"
43530216,"-33.3343182338","-70.5674866212","Hierba de la Culebra","Fumaria agraria",,,"Fumaria: nombre genérico del Latín fumus = ""humo"", posiblemente por el color o el olor de las raíces frescas.<br>
agraria: epíteto latino que significa ""que crece en los campos"".","plant","south_america","Chile","http://lh4.ggpht.com/MRz-e1IB9zOeWlnf1FnM8XryylYPlSg3CxjMFGAmQrh4yly35OT4CA5DjVHLw31wpcj96GnD7JtQjcMOuCdaeA","2012-09-17 00:00:00","2013-10-10 01:09:30.886640",0,0,0,"rosado; pink; fucsia; blanco; white; flower; herb; hierba; flor; cerro manquehue","42718019,13343006,5013012,8001555"
42707021,"-33.3391540215","-70.5673954261","Hierba de la Culebra","Fumaria agraria",,,,"plant","south_america","Chile","http://lh6.ggpht.com/B9_BEUD9GEi7WLM-E5UYPrqRRWB0HnnbaJ7I6zL6luj3MxDT1ANUEQalTI7EwI4HurD2hl6ALGbRinURbSO3","2012-09-01 00:00:00","2013-10-05 19:33:19.516400",0,0,0,"cerro manquehue","42718019,13343006,5013012,8001555"
38416026,"-33.3466043733","-70.5674678458","Callampa","fungus","Between 20 and 30 cm in height, the cap at least 10 cm in diameter.",,,"fungi","south_america","Chile","http://lh3.ggpht.com/V3IGlH2Jif7MIejQmOkRHoqqjNPWGyZZJD3GfuyuskhEhjd8jLpV7FC3vHwas0y8lZWiol7cXkN4WIb9l68","2012-07-15 00:00:00","2013-09-04 23:58:16.208210",0,0,0,"cerro manquehue","42718019,13343006,8508746,36001,8001555"
43850021,"-33.3535024829","-70.5192795369","Hongo","fungus","Small, the furry cap had about one inch in diameter.",,,"fungi","south_america","Chile","http://lh5.ggpht.com/FJjv1heq_GCn5ItjteXv2embeLc4ixm-pjd2Q5b6uLUD1mW0P6p_74sz1PSv6w70OdToNNqN5-SmhZIbDy__","2012-09-17 00:00:00","2013-10-11 11:47:41.906480",0,0,0,"hongo; callampa; mushroom; brown; café; beige; small","42718019,8508746,8339443,36001,8001555"
42339024,"-33.3393198408","-70.5672076715","Hongo","fungus","The cap was about 6 cm in diameter.","Pastures on a hill.",,"fungi","south_america","Chile","http://lh5.ggpht.com/kZcFt7CjD66zuWHLmw54CvuYz8DikcaJVaCI3o-Ow3haO_eiH6Kjo_H2EA2fe7Lxv_XB0eZTt3XdrjrprbM","2012-09-01 00:00:00","2013-10-05 19:07:11.417480",0,0,0,"cerro manquehue","42718019,8508746,36001,8001555"
38489520,"-33.3548176927","-70.5662260055","Minero","Geositta sp.","Looks like a mockingbird but with a short tail.<br>
Is seemed to be leading our way for a while, maybe it's used to people hiking around. ",,"Thanks to Michael Wayman for suggesting a “Minero” (Geositta sp.) though I can't make out if it is a Geositta rufipennis (Minero Corillerano) or a Geositta isabellina (Minero Grande) because I didn't see it flying, and the difference lies in a reddish band in the wing of the first. <br> 
But by the pictures I'd go for Minero Cordillerano.","bird","south_america","Chile","http://lh5.ggpht.com/faGLExglgOTrbYp29MADNyZll-E5vsAin_dhMw87eh6WxvA7HF_jHjLuPiwJticXeTfxH9SDt9kpyetNgT4","2012-07-15 00:00:00","2013-09-05 02:46:26.767460",2,1,3,"cerro manquehue","5033011,42718019,18371148,8058355,8229211,8001555"
42515033,"-33.3357434522","-70.5700347197","Core-core","Geranium berteroanum",,,"ref. http://www.floramendocina.com.ar/clase_4/geranium_berteroanum_p1120763.html","plant","south_america","Chile","http://lh6.ggpht.com/7YRHP5fo6ePyGEF1rX0KlTMjAcm5J8LrNO10H6wfwamQECEm-ev7CR0SA3bbDB0F25SmFfrSTm0PURoT-xQ","2012-09-01 00:00:00","2013-10-05 20:24:19.435810",0,0,0,"cerro manquehue","42718019,13343006,4950011,5013012,8001555"
157476080,"-33.3448315717","-70.5685034368","Araña Pollito","Grammostola rosea","G. rosea is a common pet of tarantula hobbyists. Females have been known to live as long as 15–20 years, but due to the limited time they have been available on the market (and hence for extensive study) it is possible that they may live considerably longer than 20 years.","The G. rosea's natural habitat is the desert and scrub regions of Northern and central Chile, Bolivia, and Argentina. While previously thought to be wanderers in nature, large numbers have been observed living in burrows in their natural habitat. They generally do not burrow in captivity. They are usually active in the evening or night.","This spider was being attacked by a big Pepsis wasp, and if not killed by the wasp, it was totally stunned. Didn't manage to take a shot at the wasp.","invertebrate","south_america","Chile","http://lh3.ggpht.com/9V9EoRRHSm0dhIb8FVhhRCWGYffCVJxTr8-9wC8tRxIVD3SBR0Heo992EnHGGDtMkgOUuj1Ut0o6xzGPp1cN","2012-09-19 00:00:00","2014-02-11 15:08:27.795200",2,0,0,"tarantula; araña; spider; fur; peluda; pelos; hair; cerro manquehue; brown; café","42718019,6518529,8001555"
29597002,"-33.3485145569","-70.5555953979","Baby Rose tarantula","Grammostola rosea","G. rosea is a common pet of tarantula hobbyists. Females have been known to live as long as 15–20 years, but due to the limited time they have been available on the market (and hence for extensive study) it is possible that they may live considerably longer than 20 years.","The G. rosea's natural habitat is the desert and scrub regions of Northern and central Chile, Bolivia, and Argentina. While previously thought to be wanderers in nature, large numbers have been observed living in burrows in their natural habitat. They generally do not burrow in captivity. They are usually active in the evening or night.","The last picture is of it's habitat.","invertebrate","south_america","Chile","http://lh4.ggpht.com/xqZcGzoaxcg84TsLVp2a35vRpIU1SiE3rulbmT9GUvm_n6g21Om7pRZfje3JC-ROC4CnPSYD8Gu5Y10hDP--Hw","2012-03-25 00:00:00","2013-06-25 16:02:55.546690",3,0,3,"tarantula; spider; araña; cerro manquehue","42718019,23321052,6518529,8001555"
326686010,"-33.3345441073","-70.5683156822","Manzanilla del Campo","Helenium aromaticum",,"ladera de cerro, terreno arcilloso, de secano.",,"plant","south_america","Chile","http://lh3.ggpht.com/cHw-ZLTk8E1n-fh0H4a11kwai5NvDyQI15IJfvH68emoXNDEbMakBPoqnIfMWsQOdZ2hTqwyI4Gyml9qCzES","2012-10-09 00:00:00","2014-05-20 12:48:01.493890",2,0,0,"herb; hierba; yellow; amarillo; bola; pelota; ball; composite; compuesta; pinada; lanceolada; pinnated; lanceolate; cerro manquehue","42718019,13343006,8045054,5013012,8001555"
43731009,"-33.3535024829","-70.5192795369","Palote","Heteronemiidae","Stick on a kid, my kid, who loves bugs. <br>
Possibly Heteronemiidae (the arthropod not the kid) ",,,"invertebrate","south_america","Chile","http://lh5.ggpht.com/RoB5efcQma8ga-93iUJbBGNad1CIhDVYJ6t3f974_qgRznb9qLkUdUXVCgYup3KsM9mU6pohWJAwaHZ9DN94","2012-09-22 00:00:00","2013-10-11 18:43:21.432740",1,0,0,"walking stick; green; verde; insect; insecto","42718019,23321052,15711838,10756138,8001555"
43690055,"-33.3344656749","-70.5681708428","Barba de gato","Homalocarpus dichotomus","Cat's beard<br>
Family:	Apiaceae<br>",,,"plant","south_america","Chile","http://lh4.ggpht.com/l_nKIUoE-u2hbNvISKhf5dlxvuURPBNm1pyFZeZ7gnNYeCKBo1XwskLwksaY9s40kl7bLlQRimfxri-fPCDl","2012-09-17 00:00:00","2013-10-10 22:08:06.911870",0,0,0,"herb; hierba; flor; rosada; rosa; purple; pink; white; blanco; blanca; small; pequeña","42718019,13343006,5013012,8001555"
38047057,"-33.3398217783","-70.5499986184","Grass Skipper","Hylephila faschiolata","Hesperia del Pasto",,,"invertebrate","south_america","Chile","http://lh5.ggpht.com/Tb-YiFc07LTVip71ZAz0HkKZGi67Q-_6fFG7tCA0etoo6jBQuisvnjLR2YPwbfAYYPCGQ4Efvf9JdeC3WavK","2012-04-14 00:00:00","2013-08-28 01:41:30.334900",0,0,0,"mariposa; butterfly; cerro manquehue","42718019,15711838,10756138,7740674,4989013,8001555"
9925812,"-40.3770653534","-72.5072662428","Hesperia del Pasto, Branded Skipper","Hylephila sp.","Hylephila sp. Are part of the Hesperiidae family commonly known in english as Skippers, for their fast movements between flowers.<br>
Skippers share many characteristics with other butterflies, especially in the egg, larval and pupal stage.<br>
However, skippers have the antennae clubs hooked backward like a crochet hook, while the typical butterflies have club-like tips to their antennae, and moth-butterflies have feathered or pectinate (comb-shaped) antennae similar to “moths”. Skippers also have generally stockier bodies and larger compound eyes than the other two groups, with stronger wing muscles in the plump thorax, in this resembling many “moths” more than the other two butterfly lineages do. But unlike for example the Arctiidae, their wings are usually small in proportion to their bodies. Some have larger wings, but only rarely as large in proportion to the body as in other butterflies. When at rest, skippers keep their wings usually angled upwards or spread out, and only rarely fold them up completely.<br>
The wings are usually well-rounded with more or less sharply-tipped forewings. There are some with prominent hindwing tails, and others have more angled wings; the skippers' basic wing shape varies not much by comparison to Papilionoidea however. Sexual dichromatism is present in this genus males may have a blackish streak or patch of scent scales on their forewings.<br>
Many species of skippers look frustratingly alike. For example, some species in the genera Amblyscirtes, Erynnis (duskywings) and Hesperia (branded skippers) cannot currently be distinguished in the field even by experts. The only reliable method of telling them apart involves dissection and microscopic examination of the genitalia, which have characteristic structures that prevent mating except between conspecifics.","This was found on a field.","As the description states, this genus is particularly hard to ID, look at the collection of 2 species that share territory.
http://www.butterfliesofamerica.com/L/hylephila_fasciolata_specimens.htm <br>
and<br>
http://www.butterfliesofamerica.com/L/hylephila_signata_specimens.htm","invertebrate","south_america","Chile","http://lh5.ggpht.com/K_MrRC7Ya9VPQz364Pi4N74hXSzesMO-MPuQSkLmPDeykLGKBCSkKDF-KJyrZy2BVYHELx6MnzT7GxCqOTs","2012-02-02 00:00:00","2012-03-21 20:48:48.421034",0,2,2,,"42718019,8058355,7740674,4989013,8001555"
337986178,"-33.3360320667","-70.5666634414","Avispa Verde","Ichneumonidae",,,"it wasn't stalking the other bug, it arrived later.<br>
Because of the large ovipositor it could be an Ichneumon wasp.","invertebrate","south_america","Chile","http://lh4.ggpht.com/hM_is14moa2HnG4ccMNKOdSHYxB5erd7hwApvQnq1_toDInebdxrdwNIvEZBYDRtZZDPVN8Y3Eyfq8UyD_Jv","2012-10-15 00:00:00","2014-05-22 01:07:03.438190",2,0,0,"wasp; avispa; green; orange; blue; metalic; metalizado; azul; verde; metálico; naranja; cerro manquehue","42718019,15711838,8001555"
239266110,"-33.3394739957","-70.5660411688","Small Bee","Isepeolus luctuosus","Family: Apidae<br>
Abejas medianas de 7-10 mm.",,,"invertebrate","south_america","Chile","http://lh4.ggpht.com/zhFKn8unTAqtpFzdSe6rlEbwcdR596iux8BBIEB9RO3yFHNjKFMGDHbVRl2OSDfHrtQAbllMdolvf5JqDJA","2014-01-10 00:00:00","2014-04-08 01:26:52.893080",0,0,0,"abeja; bee; beige; yellow; amarillo; café claro; black; negro; cerro manquehue","42718019,15711838,7740674,8001555"
231166020,"-33.3348130175","-70.5664703222","Conejitos","Lamium amplexicaule","henbit deadnettle <br>
Family: Lamiaceae <br>
Es una planta rastrera, anual, de hasta 25 cm de altura, con el tallo y hojas cubiertos de fina pubescencia. Las hojas son pecioladas, opuestas, redondeadas, con el margen lobulado, sésiles, con las inferiores tendiendo a la forma oval. Florece entre mediados de invierno y principios del verano, produciendo inflorescencias en verticiliastros con brácteas abrazadoras (de allí su nombre amplexicaule), formadas por flores hermafroditas, zigomorfas, de color morado, con el tubo de la corola largo de uno a dos centímetros como máximo, con labio superior galeado e inferior blanco moteado de púrpura. El cáliz lo forman cinco sépalos soldados.<br>
 <br>
 It is a low-growing annual plant growing to 10–25 cm tall, with soft, finely hairy stems. The leaves are opposite, rounded, 2–3 cm diameter, with a lobed margin. The flowers are pink to purple, 1.5–2 cm long. The specific name refers to the amplexicaul leaves (leaves grasping the stem).","Henbit deadnettle is probably native to the Mediterranean region but has spread around the world as an arable weed. It is found growing in bare places, gardens, fields and waste places.[1] It propagates freely by seed and is regarded as a minor weed. Sometimes entire fields will be reddish-purple with its flowers before spring ploughing. Where common, it is an important nectar and pollen plant for bees, especially honeybees, where it helps start the spring buildup.","La raíz y las hojas son comestibles y se han llegado a utilizar en ensaladas y ciertos dulces.<br>
 <br>
 The leaves, stem, and flowers of the plant are edible and are faintly reminiscent of spinach.","plant","south_america","Chile","http://lh5.ggpht.com/O5ITJxOVKMWb3-uqNJLuDCAxyDzD9USutr2JexDRLq8EI9K227UWq-i89XFL_3NdzzwfDbObT68sJa_atTcy-Q","2012-09-23 00:00:00","2014-04-02 02:45:26.083280",1,0,0,"flor; flower; cerro manquehue; mint; menta; pink; white; blanco; rosado; fucsia; planta; hierba; plant; herb","42718019,13343006,8045054,5013012,8001555"
322586021,"-33.3360320667","-70.566556153","Blanquillo","Leucheria cerberoana",,"Hierba anual endémica de las regiones 2,3,4,5,M de Chile, de 0 a 1,100 m.",,"plant","south_america","Chile","http://lh5.ggpht.com/Cd2szZHLZ26Gim8i6WgyKPc7t1NMAyG4n1dQaM443Wx7N53alI6tPL6aLvoGvxe7JE745vzKSS-cnr3RW6yg5A","2012-10-15 00:00:00","2014-05-20 13:58:09.320070",4,0,0,"flor; flower; herb; hierba; white; blanco; small; pequeño; chico; cerro manquehue","42718019,13343006,5013012,8001555"
162106018,"-33.3519968983","-70.5599632832","Huilli","Leucocoryne ixioides","Family: some say Liliaceae others Alliaceae<br>
Glory of the Sun<br>
25cm, small bulbous plant with showy pale purplish-blue and white throated or pure white flowers on upright stalks above narrow grass like leaves.","Native of dryish rocky spots in montane regions in Chile. For any rich, well drained soil in a sunny spot throughout the year.","ref.<br>
http://floradechile.cl/monocoty/species/aleixioi.htm <br> 
http://www.chileflora.com/Florachilena/FloraSpanish/HighResPages/SH1007.htm <br>
http://www.chilebosque.cl/herb/lixio.html","plant","south_america","Chile","http://lh5.ggpht.com/l2-po9dta2ZWoRfaDzCvSgphS3mDTAUDq1B5nm1j1yG92EZLG4V2xQ_eYOiY305euNEKYQG4O090vKFEOqQ","2012-09-19 00:00:00","2014-02-11 23:47:52.607380",0,0,0,"flor; pequeña; flower; small; white; blanca","42718019,13343006,5013012,8001555"
43846002,"-33.3535024829","-70.5192795369","Unknown Liliaceae","Liliaceae",,"Found these on my garden , probably brought the seeds on my bike or my shoes. Too bad this year they didn't grow again.","Very lost on the ID, they could be Tristagma bivalve, Nordoscordum sp. or Zoellnerallium andinum ... no idea.","plant","south_america","Chile","http://lh6.ggpht.com/KQWRFd8PEJHM_AX47kPpgNEGudxHUwrS2KRTocd24Fi-f8RE2Q8GGreI1PMfWErBhIpiSgk_hQN7vLGz55WC","2012-09-17 00:00:00","2013-10-11 03:09:40.134470",1,0,0,"flower; bulb; flor; bulbo; blanco; white","42718019,13343006,10756138,5013012,8001555"
12782749,"-33.3519518578","-70.5594738217","Lagartija oscura, Brown Tree Iguana","Liolaemus fuscus","Superior Taxa: Liolaemidae, Iguania, Sauria (lizards) <br>
Lagartija oscura (Dark Lizard), lagartija parda.<br>
Especie de tamaño pequeño (longitud hocico cloaca hasta 50 mm) y aspecto grácil, con cabeza proporcionalmente pequeña, extremidades proporcionadas y poco robustas. Color general café plomizo oscuro, con una línea negra vertebral. La cabeza presenta manchas irregulares, mientras que los flancos están irregularmente manchados de negro, café y blanco, y el vientre es grisáceo blanquecino. Es una especie diurna, habitando zonas con elementos de bosque esclerófilo (Peumus) y cerros rocosos con dominancia de Puya spp. y cactus. Su reproducción es mediante huevos y se alimenta de insectos, principalmente hormigas.<br>
Lagartija que se caracteriza por su aspecto frágil, su tamaño pequeño, por una línea vertebral negra, dos bandas laterales claras y la región y flancos rojizos.<br>
La hembra, de reproducción ovípara, deposíta 2 a 3 huevos. Es la especie más pequeña de los Liolaemus de Chile.<br>
 <br>
The Brown Tree Iguana (Liolaemus fuscus) is a species of lizard in the Iguanidae family.<br>
Reproduction: Oviparous (2 to 3 eggs).<br>
They eat insects, particularly, ants.<br>
Etymology: Named after Latin “fuscus”, meaning dark or dusky.<br>","Desde Playa Blanca (Tongoy, Región de Coquimbo) a Chillán, del nivel del mar hasta los 1.900 msnm. Es frecuente en las zonas andinas de Santiago, en los alrededores de la Quebrada de Macul, Cerro Blanco en Polpaico y en los Cerros Provincia y el Abanico.<br>
Se distribuye en las regiones montañosas desde el Sur de Coquimbo hasta las cercanías de Chillán.<br>
Esta hermosa lagartija es característica de los cerros de la cordillera de la Costa y de los contrafuertes andinos. Su habitat predilecto son las formaciones Puya Cereus. Es un animal bastante ágil, insectívoro, que elige como refugios las regiones pedregosas.<br>
 <br>
 It is found in Argentina and Chile, from Coquimbo to the proximities of Chillán.<br> It seeks refuge in rocky areas. ","This was a pretty big specimen for the species, it was placidly contemplating the view with a wary eye for us.<br>
Other reference: <br>
http://reptile-database.reptarium.cz/species?genus=Liolaemus&species=fuscus <br>
http://silvestreschile.blogspot.com/2008/09/lagartija-oscura.html
","reptile","south_america","Chile","http://lh4.ggpht.com/vQmLELvC2ZecP37-AIoghgGoEuBOArvrP6quF5-HjbpzOmnlZQnocMOF4qH4i3U_HjHOJvJyrk1mqXJNxxzD","2012-05-01 00:00:00","2012-08-14 02:14:48.595206",0,0,0,,"42718019,8001555,7970334"
12982691,"-33.3519832244","-70.5592967959","Lagartija café, Brown lizard","Liolaemus lemniscatus","Superior Taxa: Liolaemidae, Iguania, Sauria (lizards)<br>
Lagartija lemniscata o lagartija café corresponde a un pequeño lagarto, endémico de Argentina y Chile y que perteneciente a la familia Liolaemidae.<br>
Es una especie de lagartija de tamaño pequeño (unos 15 cm), de aspecto frágil con extremidades cortas. Posee escamas dorsales triangulares, quilladas y con punta (Mella 2005). La coloración general es café. La cabeza es un poco más oscura, con manchitas café sombrías sobre los escudetes cefálicos. Desde los ojos nacen dos cintas de color blanco amarillento que se extienden hacia atrás. En la parte dorsal a ambos lados de estas cintas hay dos bandas café oscuras, dibujadas interiormente por una serie de manchas negruzcas bordeadas atrás de puntos celestes en el macho y blancos en la hembra. La región vertebral del dorso tiene una coloración café clara. Al costado entre ambas extremidades se extiende una cinta blanco amarillenta que divide los flancos rojizo-anaranjados. Cola con bandas transversales oscuras. Vientre blanquecino y región mandibular con líneas negruzcas relativamente paralelas. Posee 43 a 45 escamas al medio del cuerpo. El macho posee dos poros precloacales. La región inferior de la cola presenta tonos asalmonados (Donoso-Barros 1966).<br>
Es una especie ovípara, que deposita 3 a 4 huevos (Mella 2005).<br>
Alimentación: Insectívora, (principalmente abejas, avispas y escarabajos).<br>
 <br>
Wreath Tree Iguana:<br>
Oviparous, insect eating lizard.","Su hábitat predilecto son los lugares de vegetación corta, en general seca. Prefiere las matas de cardo de las orillas de los caminos y faldas de los cerros (Donoso-Barros 1966), y todas las praderas de vegetación herbácea (Mella 2005). Igualmente, se le encuentra al interior de plantaciones silvícolas de especies de pino y eucaliptos.<br>
Distribución geográfica:<br>
La especie está presente en Chile y Argentina. En Chile presenta un rango de distribución que va desde Huentelauquén, frente a Illapel (IV región) (31º37'S 71º11'W) a Valle del Pino Hachado en Lonquimay (IX región) (38º26’S 71º14’W) (Donoso-Barros 1966, Mella 2005), desde el nivel del mar hasta los 2.000 msnm (Ortiz et al. 1994).<br>
 <br>
Distribution:	In Chile: Coquimbo (31º37'S) to Cautin(38º26’S), in Argentina (Patagonia)<br>
Prefered habitats are areas of short dry vegetation and roadsides.","This was found by my sons (2 and 3 yo. at the time). I had been taking pictures of another lizard when I heard them cry ""LIZARD!"" and started running down the hill, moments later they arrived with their discovery/capture. I was glad to see they where very gentle with it.<br>
 <br>
Esta lagartija la encontraron mis hijos (2 y 3 años en ese momento). Yo estaba tomando fotos de otra lagartija cuando escucho: ""LAGARTIJA!"" y veo que parten corriendo cerro abajo... momentos después llegan orgullosos con su captura, esta lagartija. Me llamó la atención lo cuidadosos que fueron con ella.","reptile","south_america","Chile","http://lh4.ggpht.com/GQl7aWckIKZX_c5OiagBGC1irrZpTxnzbJVZK4E0xHezZzTdyVFh5q1pCEhWgkFDdf4iTfDUiXSAqE6mlght","2012-05-01 00:00:00","2012-08-16 11:04:07.871587",0,0,0,"lizard; lagartija","42718019,8001555,7970334,12185128"
310706080,"-33.3353418719","-70.566888747","Litre","Lithraea caustica",,,,"plant","south_america","Chile","http://lh3.ggpht.com/YFvRN1u6jaht0_DJAjyLKM6mU7Oh3PNXNtF74eQCTj_5TGoFy_RX-otiFYEp8mWVgcC6z7UnVhetKhy6DiI","2012-10-09 00:00:00","2014-05-20 05:58:28.282420",1,0,0,"cerro manquehue; verde; tree; árbol; planta; alergic; alérgico","42718019,13343006,8166383,8045054,8001555"
37824050,"-33.3373389519","-70.5703780426","Litre","Lithraea caustica",,,,"plant","south_america","Chile","http://lh6.ggpht.com/R8k3s5ngo7_sxdoHHlkJ8B77BCmn5q5BerqSEJSaiPwKRIpqazzW2C6L7VBos3OYEChN6vzK3S-4YijLlfTM","2013-09-03 00:00:00","2013-09-03 02:11:51.020840",0,0,0,,"42718019,13343006,8166383,8045054,8001555"
37948466,"-33.3460509405","-70.5677494777","ortiga macho","Loasa placei","ortiga macho, ortiga brava, cardito",,,"plant","south_america","Chile","http://lh4.ggpht.com/r-G0KwF5kOHE9rTVMmuOe4dZMcRt51xNOD7RccYdtKw0mAEnJolLdd6Czxmcuxup4gXm3GwTeq6BJif0caCK","2012-07-15 00:00:00","2013-09-04 22:10:47.181400",0,0,0,"cerro manquehue","42718019,13343006,8001555"
14260259,"-33.346749322","-70.5672870966","Ortiga Macho (Male Nettle)","Loasa placei","Sinonimia: Loasa tricolor var. placei <br>
Common name: Ortiga macho, ortiga brava, cardito, ortiga caballuna.<br>
Superior Taxa: Loasaceae / Violales<br>
     Tallos ramosos, estriados, muy pestañosos y velludos, derechos, blanquizos, de 4 a 5 pies de altura, con hojas opuestas, un poco vellosas, especialmente en las nervosidades, ovaladas, acorazonadas en la base, partidas en 5 o 7 lóbulos desiguales, dentados y acuminados; tienen 2 pulgadas de largo y otras tantas de ancho en la base: las inferiores sustentadas por pecíolos un poco más cortos que el limbo, dilatados en la base, y las superiores enteramente sésiles. Las flores son amarillas, de 14 a 16 líneas de diámetro, y sustentadas por pedúnculos casi del mismo largo y un poco más cortos que las hojas florales. El cáliz es ovalado, corto, muy híspido, con las lacinias linear-lanceoladas, de 1/2 pulgada de largo: los pétalos las sobrepujan de 1 a 2 líneas cuando más, y son ovalado-oblongos, obtusos, largamente unguiculados y cubiertos como el cáliz de pestañas blancas y tiesas. Escamas ovóideas, gruesas y bidentadas en el ápice, con los tres apédices muy pegados en la parte inferior. Los estambres son muchos, y tienen las anteras de un moreno violado algo oscuro.
<br>
Como verificamos que esta especie forma cápsula con más 20 semillas, podría pensarse que la serie que le corresponde en la Clave de Reiche sería Acantifolieas en lugar de Macrospermas, cuyas cápsulas sólo tienen de 3 a 10 semillas.<br>
 <br>
Loasa is a genus of ornamental plants in the family Loasaceae. These plants are usually prickly herbs, or subshrubs, and they are native of tropical America and South America <br>
","Esta es la especie más común en los alrededores de Santiago, y se encuentra a lo largo de los caminos, al pié de las paredes o tapias; se conoce principalmente con el nombre de ortiga macho. Se cultiva en Europa desde 1822.<br>
 <br>
The most common species of Loasa near Santiago, easily found on roadsides. Cultivated as an ornamental plant in Europe since 1822.","La tercera foto fue tomada en Julio, pero es de la misma planta y muestra la característica oja de esta ortiga, con esas manchas blancas en su superficie.<br>
Las ortigas americanas (Loasa sp.) son las que siempre conocí y me confundía al ver la ortiga europea (Urtica sp.). Ambas urticantes pero no sólo de familias diferentes si no que de órdenes diferentes. <br>
Esta fue encontrada subiendo el Cerro Manquehue.
<br>
The third picture was taken in July, but it's from the same plant. It shows the characteristic white ampoules in the leaves.<br>
In Spanish the same common name is used for the genus Urtica (Nettles) and Loasa but they are not even remotely related, belonging to different orders of plants. I wonder how many have tried Loasa infusions and such beacause of the Nettle's famous medicinal properties.<br>
 <br>
More links:<br>
http://www.chileflora.com/Florachilena/FloraSpanish/LowResPages/SH0244.htm","plant","south_america","Chile","http://lh5.ggpht.com/aZe8Uk1FPtP9mjlyhdFGVmmI9Xz8B8bU7QM4qfr2yQrl5xZSG0MdchBQ05K5at4pifIBPeK4LvlCFHjwTNFR","2012-09-19 00:00:00","2012-09-20 00:54:46.750450",1,0,0,"loasa; ortiga; chile; cerro manquehue; santiago","42718019,8305935,8339443,5013012,8001555"
14469064,"-33.3348284728","-70.5664287898","Ortiga Caballuna, Cardito","Loasa tricolor","Planta híspida con el tallo derecho, ascendente o tendido. Hojas opuestas, las inferiores sobre pecíolos ± del largo de la lámina, las superiores sésiles. Lámina aovada hasta orbicular, hasta 14 cm de largo, acorazonada, pinatipartida o palmato-pinatisecta, con 3-8 pares de segmentos oblongo-lanceolados, irregularmente recortados. Flores cimoso-paniculadas, cabizbajas, pedunculadas. Tubo calicinal obcónico; divisiones calicinales linear-lanceoladas, reflejas. Pétalos amarillos, reflejos, de 0.8-2 cm de largo. Escamas bidentadas con 3 apéndices aovado-romboidales que lateralmente llevan un hilo engrosado en la punta. Estaminodios ± del largo de la escama con el ápice filiforme, engrosado en la base. Cápsula turbinada con 3 placentas anchas, prominentes. Semillas 4-12, subglobosas, de un pardo-negruzco, opacas, finísimamante reticuladas. Tallo hasta de 1 m de alto.<br>
 <br>
Loasa is a genus of ornamental plants in the family Loasaceae. These plants are usually prickly herbs, or subshrubs, and they are native of tropical America and South America <br>","En Chile desde Atacama a la Región Metropolitana; en Argentina en la región occidental. <br>
 <br>
It grows in Chile from Atacama to the Metropolitan area of Santiago. In Argentina, in the occidental region.",,"plant","south_america","Chile","http://lh5.ggpht.com/E--kywg4x7LBsHQh8t0WsIoFNkZfDHYYi9Yv4jKWE-1hJz6lVAzaPmD5o3RDezsSaD0GA94uQ90rIoE9VxGALA","2012-09-22 00:00:00","2012-09-22 00:29:49.963126",1,0,3,,"42718019,4950011,8305935,5013012,8001555"
157166023,"-33.3344567113","-70.5668404672","Ortiga Caballuna","Loasa triloba","Superior taxa: Loasaceae, Violales<br>
Planta anual, sembrada de pelos urticarios. Tallo derecho, ramoso. Hojas membranosas, opuestas, acorazonadas, partidas en 3-5 lóbulos ± profundos, agudos y sinuosos. Pecíolos ± del largo de la lámina. Las flores pequeñas, axilares y solitarias en la región superior del tallo, cabizbajas. Sépalos aovado-lanceolados. Pétalos poco más largos que el cáliz, blancos, cortamente unguiculados, de 7-9 mm. Escamas con 3 apéndices dorsales, trasaovados y lateralmente concluídos en un hilo. Estaminodios igualmente concluídos en un hilo terminal. Cápsulas turbinadas, erguidas, con 3 placentas prominentes. Semillas 15-30, subglobosas, negruzcas, lampiñas. Tallo 0.1-0.5 m. Algunos individuos llevan flores cleistógamas en la región inferior del tallo.","Desde la provincia de Aconcagua hasta la de Valdivia; también en las cordilleras bajas. Florece ya en el invierno y dura hasta Octubre.<br>
Hierba anual endémica de las regiones 3,4,5,M,6,7,8,9 de Chile, de 0 a 1,700 m. ","Tiende a hacer grandes mantos bajo el abrigo de los árboles.","plant","south_america","Chile","http://lh3.ggpht.com/ICLcNR6IdPPct9x2e3dHiBY9AUsNGrzsfGiF0b8mAGUTvHZORTuNFS0D2__TuOQ53-neyY5WQcXb7pvvYek","2012-09-17 00:00:00","2014-02-11 13:54:19.659850",1,0,0,"cerro manquehue; santiago; chile; loasa; planta; ortiga; blanco; white; amarillo; red; yellow; rojo; pelos","42718019,13343006,5013012,8001555"
42745003,"-33.3374554761","-70.5703351271","Ortiga caballuna","Loasa triloba",,,,"plant","south_america","Chile","http://lh5.ggpht.com/olAiXYK6tIlzATpKFqzCnCjXMud61PRrRHFIlVKjrrwUtkGhJlZahvWQfVl2AfiphzIPlvThdApAy9fvAF2CSw","2012-09-01 00:00:00","2013-10-05 20:08:50.332750",0,0,0,"cerro manquehue","42718019,8045054,8001555"
38305061,"-33.3374958113","-70.570549704","Ortiga caballuna","Loasa triloba",,,,"plant","south_america","Chile","http://lh4.ggpht.com/etQ6e677SuR7Wk__z6hYqvC0dR4MIitkJXVSnAm-Pp7UnOMhURs9JTYsgXMGSymmThiXPMcPXcunyXCyW1Q","2013-06-02 00:00:00","2013-09-03 02:06:58.256760",0,0,0,"cerro manquehue","42718019,13343006,8001555"
43822024,"-33.3535024829","-70.5192795369","Wolf spyder","Lycosidae","Lycosidae in a cap.","My Garden",,"invertebrate","south_america","Chile","http://lh4.ggpht.com/jyLIKwmc3wIkq1edVOFSG3YNajGy9Ikbbnj88iRxJjOYcQY4tRByWx2NvMPGQdLeEvQRopKRFWCV5Pezozbr","2012-09-22 00:00:00","2013-10-11 20:51:22.160600",4,0,0,"araña; araña lobo; wolf spider; spider; brown; stripes; café; rallas; hair; pelos","42718019,10756138,6518529,8001555"
37696592,"-33.3467052008","-70.5673846973","Toronjil Cuyano","Marrubium vulgare","Also known as Marrubio<br>
They can grow to be 1 more than meter in width and close to a meter in height.<br>
",,,"plant","south_america","Chile","http://lh4.ggpht.com/pa4AJDAZKfreLPo3sstlYY_VMCOhDzzx8CflV_0XB-ecbvNs3DhTimyqQCURF3eeXGHOtBt24dcKzk3O6hKs","2012-07-15 00:00:00","2013-09-04 22:55:43.024950",0,0,0,"cerro manquehue; planta; arbusto; verde; pelo; hair; bush; green","42718019,13343006,8001555"
42706015,"-33.3537852371","-70.5199149621","Tiuque","Milvago chimango",,"Se lo encuentra en todo tipo de terreno donde la vegetación no es muy alta, desde la costa hasta las llanuras. También se le ve en los bosques despejados de vegetación secundaria. Se encuentra presente desde el nivel del mar hasta los 1.000 msnm.<br> 
Su nicho ecológico es eliminar plagas de insectos o ratones.",,"bird","south_america","Chile","http://lh5.ggpht.com/7p8WlqqJuTbeKckVdFfyz3qws8iEx0LnWdPJtsuqxtdFrQYmJyunlPZUbjnL4kISuDTglKETlN2RHqKSsUtaFQ","2012-08-29 00:00:00","2013-10-05 19:02:57.643930",3,0,1,"cerro manquehue","5033011,42718019,8058355,35017,8229211,8001555"
38049045,"-33.3398217783","-70.5499986184","Tenca / Chilean mockingbird","Mimus thenca",,,"Singing on the curb","bird","south_america","Chile","http://lh3.ggpht.com/YB_73kFNKhDfHDEQL15j2ocZWkugGhhp0UeVCgWbEgtiEZmH4YOg46rfSkQ7GffjBs-v5fncI0JPD4TP3Va8","2012-04-15 00:00:00","2013-08-28 01:57:13.252600",0,0,0,,"5033011,42718019,8058355,10756138,35017,8229211,8001555"
161486068,"-33.3469220797","-70.5671247812","Montiopsis","Montiopsis sp.","Family: Portulacaceae<br>
",,"Could be a Montiopsis sericea, but it didn't have the hairiness seen on the M. sericea pictures.","plant","south_america","Chile","http://lh3.ggpht.com/3Z2Za4zkCubqlwhpkFO8aQVe3sXTCUDejFZ8tJW4nQzpcwJhRH9Sxs1wxkea6wLEIIq47uSz8NdMffalz9I","2012-09-19 00:00:00","2014-02-13 01:06:32.910260",1,0,0,"fuchsia; pink; fucsia; rosado; herb; hierba; hebácea; cerro manquehue","42718019,13343006,5013012,8001555"
42741006,"-33.3367832194","-70.569820143","Almizcle","Moscharia pinnatifida",,,,"plant","south_america","Chile","http://lh3.ggpht.com/2hm99YN-7zS1MaYsg0njX0i3fmNxlQlt6bzEEgO9D5FpZSWDI4vC9_o07694nDh1b--bLQ-JrS028cO73qbGqw","2012-09-01 00:00:00","2013-10-05 20:19:17.819630",0,0,0,"cerro manquehue","42718019,8001555"
38480051,"-33.3466043733","-70.5674678458","Almizcle","Moscharia pinnatifida",,,,"plant","south_america","Chile","http://lh6.ggpht.com/AXHdynLEwTakGFaA1QgE1mO9XDyL5VSQQXRcbuSlSeiTPPGPwt8zSxjZxDfHs_SWyzHN6psMshuQAAaiv4_NOg","2012-07-15 00:00:00","2013-09-05 01:19:24.447460",1,0,0,"cerro manquehue","42718019,23321052,13343006,8001555"
43745043,"-33.3344656749","-70.5681708428","Tabaco de Cerro","Nicotiana acuminata","Family: Solanaceae<br>
Nicotiana acuminata is a species of wild tobacco known by the English common name manyflower tobacco.<br>
It is an annual herb exceeding a meter in maximum height. The leaf blades may be 25 centimeters long and are borne on petioles. The inflorescence bears several white or green-tinged flowers with tubular throats up to 4 centimeters long, their bases enclosed in green-striped sepals. Usually has 5 petals.","It is native to Argentina and Chile but it is known on other continents, including North America and Australia, as an introduced species.",,"plant","south_america","Chile","http://lh3.ggpht.com/7LsTnULavzaRNR5sZVmJHvv1ZWudR1_rHkD1kIGk8SkUr5y_XrEiSjRJpPXXcKNDMK7gBNlgjQhEl6OpNnOJ","2012-09-17 00:00:00","2013-10-10 21:41:26.659370",0,0,0,"flor; hierba; flower; herb; blanca; white; blanco; green; verde; native","42718019,13343006,5013012,8001555"
243816059,"-33.2986281768","-70.5182602975","Huilmo","Olsynium junceum",,,,"plant","south_america","Chile","http://lh6.ggpht.com/ad5TxmqH36tPx9wcjypItGoI0bWxNYXeXNbSQ3RQB3OqTTJ3zWLxMeetpq2zWQ5FZ9NZxzBDO717UVKmDwTw","2012-09-28 00:00:00","2014-04-12 11:57:04.380590",3,0,0,"flor; flower; pink; rosado; blanco; white; yellow; amarillo; herb; bulb; hierba; bulbo","42718019,13343006,5013012,8001555"
237386036,"-33.2869698023","-70.500622091","Huilmo","Olsynium junceum",,,,"plant","south_america","Chile","http://lh5.ggpht.com/CjbJvB3lS-46IhZuLWzSckpeab9lLhsnABSe_L_Usrb2cToomkuYTGW9rl59L2m1ElWdv2280a6VLydW5Npa","2012-09-28 00:00:00","2014-04-12 02:19:02.151170",1,0,0,"flor; flower; bulb; bulbo; blanco; amarillo; rosado; white; yellow; pink; stripes; rallas; herb; hierba","42718019,13343006,5013012,8001555"
243756044,"-33.3022060885","-70.5119571063","Ñuño","Olsynium junceum","Family: Iridaceae","Hierba perenne nativa de las regiones 3,4,5,M,6,7,8,9,10,12 de Chile, de 200 a 3,500 m. También en Argentina.",,"plant","south_america","Chile","http://lh3.ggpht.com/V6c2f7JOkrkJ940OpO16OTR13ulN-PQaaoD7CO5LcbTao3gMXFp--WXlNF1-MdaaSDX7OryEL80bMCuhwQcAFQ","2012-09-28 00:00:00","2014-04-12 12:02:40.194370",1,0,0,"flor; flower; white; blanco; pink; rosado; yellow; amarillo; hierba; herb; bulbo; bulb","42718019,13343006,5013012,8001555"
37928162,"-33.3518853345","-70.5594829095","Rimu","Oxalis perdicaria","Superior Taxa: Oxalidaceae, Magnoliopsida<br>
Forms small tufted colonies to 5cm high. Leaves trifoliate, bright green, the leaflets obcordate to 7mm long, appearing in spring, dying down in summer, then emerging again in autumn with the flowers. The latter solitary, l-2cm long, bright yellow.<br>
 <br>
Planta de 2 a 8"" de alto, cubierta de pelos sencillos y enteramente herbácea. Bulbo de color ferruginoso y completamente formado de escamas divididas en filamentos. Raicillas fibrosas. Pecíolos derechos, flexibles, velludos, saliendo del bulbo, y casi de la misma longitud que los pedúnculos. Hojas compuestas de tres hojuelas sésiles, obcordadas, profundamente marginadas en el ápice, obtusas y vellosas en ambas caras. Pedúnculos radicales, pubescentes, uniflores y presentando hacia la extremidad dos pequeñas brácteas agudas y vellosas. Flor amarilla bastante grande. Cáliz con 5 divisiones obtusas, muy pestañosas, desiguales en longitud, y a lo menos de la cuarta parte del largo de la corola. Pétalos unguiculados, ovales, enteros y glabros. Diez estambres desiguales, enroscados en tubo en la base: los 5 mayores algo pubescentes y más cortos que los 5 estilos pubescentes. Ovario glabro o a veces algo pubescente en el ápice, de forma cilíndrica, recortado y con 5 celdillas polispermas. Semillas colocadas en un solo lado, rojizas, glabras y estriadas transversalmente.<br>","Es muy abundante en los campos y entre los pastos de Santiago, Valparaíso, Rancagua y hasta Valdivia. Casi es la primera planta que florece, y en el mes de abril cubre los campos estériles con sus flores, las que continúan hasta fin de mayo y aún hasta junio. Los araucanos le dan el nombre de Rimu; y a causa de su floración, que se ejecuta en medio del invierno, llaman los meses de abril y mayo Unen Rimu e Inan Rimu, que quiere decir el mes de Rimu y el que sigue a éste. Hace mucho tiempo que se cultiva en varios jardines de Europa.<br>","other ref: http://encyclopaedia.alpinegardensociety.net/plants/Oxalis/perdicaria","plant","south_america","Chile","http://lh4.ggpht.com/lflwNhotpqfuD9QfdocJBKMlt0ABoK6NwO7HkioIeGMn9AtCU9Gt2QfJAZnuwWN1PIVHIvYUPAuU95I9Zkwo1g","2012-05-21 00:00:00","2013-09-03 01:43:07.578230",0,0,0,"cerro manquehue","42718019,13343006,8305935,5013012,8001555"
37727052,"-33.3445541898","-70.5656198037","Peuco / Harris's Hawk","Parabuteo unicinctus","Individual Harris Hawks range in length from 46 to 76 cm (18 to 30 in) and generally have a wingspan of about 1.1 m (3.6 ft) They exhibit sexual dimorphism with the females being larger by about 35%. In the United States, the average weight for males is about 710 g (25 oz), while the female average is 1,020 g (36 oz). They have dark brown plumage with chestnut shoulders, wing linings, and thighs, white on the base and tip of the tail, long, yellow legs and a yellow cere. The vocalizations of the Harris's Hawk are very harsh sounds.",,"Can't tell if it's a Geranoaetus melanoleucus or a Geranoaetus polyosoma, both are commonly found in the area, and juveniles can look similar from afar.<br>
--edit--
As Liam made me realize, this is most likely a Harris's Hawk or Peuco.","bird","south_america","Chile","http://lh4.ggpht.com/qkga26bqTofZysiCGFYmYR6zWLsPO9o4oDmUL-MCB37X04uXoHXA3Y4wkNdh780DSCs0d3rrXTrY6iuxJYw","2012-04-15 00:00:00","2013-08-28 02:06:23.163210",2,0,2,"raptor; cerro manquehue; hawk; eagle; águila; aguilucho","5033011,42718019,8058355,8463465,35017,8229211,8001555"
311756433,"-33.3370359767","-70.5669638488","Azulillo","Pasithea coerulea","Superior taxa: Xanthorrhoeaceae / Asparagales / Liliopsida<br>
Nombres comunes: Illin, Illeo, Illcu, Chichiquin, Flor del queltehue<br>
Hierba perenne de raíces tuberosas que alcanza hasta 70cm de altura. Hojas agrupadas en la base, de borde entero, de forma linear-lanceolada. Láminas de 20-50 x 0,7-1,5cm. Flores de 1,5-2cm de diámetro de color azul (rara vez blancas), agrupadas en panículas terminales. Perianto compuesto de 6 tépalos, los 3 internos más anchos. 6 estambres desiguales y pistilo con estigma trífido. El fruto es una cápsula de tres valvas. Usos: Ornamental.","Azulillo representa a un género monotípico y crece entre la II y IX región. Habita lugares abiertos y asoleados, de preferencia en la costa. Especie frecuente.","These pictures where taken by my wife.","plant","south_america","Chile","http://lh4.ggpht.com/BI_VphKygK8igtF7TQjxfx281l6IJG_JuMiHXD5IaNCupr2xaESDpjXnwubyVaZZpMTkY00IRlTw9y0gufP36Q","2012-10-15 00:00:00","2014-05-28 02:24:34.251570",1,0,0,"azul; blue; yellow; cerro manquehue; amarillo; bulbo; bulb; purple; púrpura; morado; hierba; herb; ornamental","42718019,13343006,8382876,5013012,8001555"
242026040,"-33.335314981","-70.5670550438","Azulillo","Pasithea coerulea","Family: Hemerocallidaceae
Hierba perenne, de 50 cm. de altura, posee hojas radicales de 20 a 50 cm. de largo. Su floración, comienza en septiembre y termina en diciembre.",,,"plant","south_america","Chile","http://lh5.ggpht.com/DyLcFNes_-WQpZQVu7lhWjYFZqMi6_4CwaELmSDGUkF0a1q-lUCXlCQ4LGJ6QfdfSRdh75xo68d1Uf-e8mMb","2012-09-23 00:00:00","2014-04-08 18:26:23.545240",6,0,0,"azul; blue; purple; morado; lilly; herb; hiebra","42718019,13343006,8382876,5013012,8001555"
43561003,"-33.3344437257","-70.5671003831","Té de Burro","Phacelia brachyantha",,,,"plant","south_america","Chile","http://lh6.ggpht.com/dCzXMK5UD5mwFXqitgxhTBwpWGHd0G4jgixBHvO9AeD0p3qjppuc_GBVLFA3JOqUIkH8KrQsN5zmGgocRRl_","2012-09-17 00:00:00","2013-10-08 21:53:39.922980",1,0,0,"cerro manquehue; morado; púrpura; hierba; purple; herb","42718019,13343006,8045054,5013012,8001555"
42359007,"-33.3535163854","-70.5195501817","Cometocino","Phrygilus patagonicus",,,,"bird","south_america","Chile","http://lh3.ggpht.com/S_AJS_-7M4SiNskvfioKUeexYmrVLkLGGqw3QkNl-YyFnfPt-69TaSbsZi301oVsWB8HnKI2UegmmNawgJk","2012-08-23 00:00:00","2013-10-05 02:40:50.341620",7,0,2,"cerro manquehue","5033011,42718019,8058355,8305935,35017,8229211,8001555"
42552003,"-33.3537852371","-70.5199149621","Rara","Phytotoma rara",,,,"bird","south_america","Chile","http://lh5.ggpht.com/8mM-CFH3-vGSx2RKw3umXR8M-xcWK1sXCtbV4LV1yniDSD1-udEYnnnnsbRnRgoWMMvxi0iRYIsT82RfZZaTxg","2012-08-23 00:00:00","2013-10-05 02:45:54.086350",0,0,0,"cerro manquehue","5033011,42718019,8058355,35017,8229211,8001555"
226606112,"-33.3356466338","-70.5667492719","Macaya","Placea arzae","Family: Amaryllidaceae <br>
Order: 	Liliales <br>
When Placeas bloom, the leaves have already wilted.",,,"plant","south_america","Chile","http://lh6.ggpht.com/3BzCfNff58k6YIEOL5LkF9OuEAeAYOy1KeuGJEkW_r7O_KkH5YZ7YmDSUciH7MUJrvg_AxUJrVlJpRBS3Znk","2012-09-23 00:00:00","2014-04-01 19:46:47.435410",3,0,1,"cerro manquehue; flor; flower; red; white; rojo; blanco; amarillo; yellow","42718019,13343006,4950011,5013012,8001555"
43013002,"-33.3367294387","-70.5667356027","Placea / Macaya","Placea arzae","A personal favorite to celebrate the 300th spotting.<br>
Family: Amaryllidaceae <br>
Order: 	Liliales <br>
When Placeas bloom, the leaves have already wilted.",,"Most of the pictures where taken by my wife.","plant","south_america","Chile","http://lh3.ggpht.com/fayGtSZ8_K-AF6ltpuRFuBT6_Sv3uiuuiJsDHFRgwo_Q-q5iqk_MBoqXMwg0OiQw1FNTpYQyTtOdbdPzmvSMsQ","2012-10-15 00:00:00","2013-10-06 18:31:05.970820",1,0,0,"cerro manquehue","42718019,13343006,4950011,5013012,8001555"
43833002,"-33.3355054574","-70.5667439076","Placea bud","Placea arzae",,,,"plant","south_america","Chile","http://lh5.ggpht.com/zNGOux5uqH8YmCSht6E5VkAjeLrQ0MfRlJZs1c9lS77vZO2hwMB4k_YTAnTsQlqLlOSlA9aLy5ZRNrog6doI","2012-09-17 00:00:00","2013-10-11 01:52:55.825020",2,0,0,"iris; flor; herb; hierba; flower; white; red; rojo; blanco; bulbo; bulb; nativa","42718019,13343006,4950011,5013012,8001555"
229486041,"-33.3347950901","-70.5680045457","Mitique","Podanthus mitiqui","Es un arbusto siempreverde que puede alcanzar hasta 2 metros y medio de altura. Su apariencia y nombre recuerdan al matico (Buddleja globosa) ya que sus flores son muy similares: inflorescencias globosas de color amarillo o amarillo anaranjado, sin embargo el mitique produce después un aquenio y el matico una infrutescencia carnosa. <br>
Floración: septiembre a enero.<br>
Fruto: aquenios desprovistos de vilano.<br>
Usos: en medicina popular, para afecciones de las vías urinarias.<br>
Arbusto siempreverde de 2 a 2,5 m de altura. Hojas opuestas, pecioladas, de forma ovalada ancha, con borde aserrado, ásperas al tacto, trinervadas. Flores amarillas en capítulos globosos solitarios, sobre pedúnculos que nacen de las axilas de ramas y hojas.","Este es una planta endémica de la Zona Central de Chile y crece desde Coquimbo hasta Concepción.<br>
Crece en zonas expuestas al Sol.",,"plant","south_america","Chile","http://lh4.ggpht.com/qd7v8TnPY1cBfareILZVHHEy9-STYZLYGTppBUBhl2sI1bjZKs_hE9OfbWdaW_MTK8oP1Lxt8EW4uxuUz_Xo","2012-09-23 00:00:00","2014-04-01 17:56:55.063900",0,0,0,"yellow; amarillo; flor; flower; bush; arbusto","42718019,13343006,8305935,5013012,8001555"
14962213,"-33.3343489158","-70.5678369494","Avispa Pompilidae ?","Pompilidae","This wasp was small, about 10 mm long (without the antennae).<br>
 <br>
Esta avispa era chica, unos 10 mm de largo (sin antenas).",,,"invertebrate","south_america","Chile","http://lh4.ggpht.com/YYGdXxyDqwFuLtDFOZgcpJqE45gDeaQrhRP9DfWD2RU--owLMUNCSyatJa34e9VT0hkesnjDtZ7Jkx1yPJ7eww","2012-10-09 00:00:00","2012-10-10 09:36:21.001401",4,0,0,"avispa; wasp","42718019,8382876,8001555,8621478"
38345820,"-33.3520216285","-70.5634794235","Chagual","Puya sp.","Efflorescence of a Chagual. ",,,"plant","south_america","Chile","http://lh5.ggpht.com/NYcYtflnAqcaDJmlXX461B4zLuBqfxQKSpkhSW8sTTQnKpTM1KHP22FvpSVUORpz4yM6gVTj9InKYOzdiQQ","2012-07-15 00:00:00","2013-09-05 02:38:13.011630",1,0,2,"cerro manquehue","42718019,13343006,8001555"
38173033,"-33.3379574243","-70.5694929136","Quillay","Quillaja saponaria",,,"The funny thing is this tree in the picture is exactly the one marked on the satellite picture of Google earth.","plant","south_america","Chile","http://lh3.ggpht.com/zqqEsg5XWbznkNfb9y70V_RMPIFUCFh2NvUEps-0fAqtHowvjFzFrRUZmXzEYP0ojDTzBFBACSIqlPQd_NGxvw","2012-06-06 00:00:00","2013-09-03 01:59:31.603480",2,0,0,"cerro manquehue","42718019,13343006,8166383,8045054,8001555"
38138042,"-33.3518853345","-70.5594829095","Quillay","Quillaja saponaria","Superior Taxa: Spiraeoideae, Rosaceae, Rosales<br>
Quillaja saponaria, the soap bark tree or Soapbark, is an evergreen tree in the family Quillajaceae, native to warm temperate central Chile.<br>
The tree has thick, dark bark, smooth, leathery, shiny, oval evergreen leaves 3–5 cm long, white flowers 15 mm diameter borne in dense corymbs, and a dry fruit with five follicles each containing 10-20 seeds.","Populations are found even 2000 m (6500 ft) above sea level. It can grow to 15–20 m (50–65 ft) in height.<br>
 The species is drought resistant, and tolerates about -12°C (10°F) in its natural habitat.","Soap bark tree has a long history of medicinal use with the Andean people who used it especially as a treatment for various chest problems. It is the source of quillaia, the extract of which is used as a food additive and as an ingredient in pharmaceuticals, personal care products, and fire-fighting foam. It is used as additive for photographic films and foaming for drinks. The saponin content of the bark helps to stimulate the production of a more fluid mucous in the airways, thus facilitating the removal of phlegm through coughing.","plant","south_america","Chile","http://lh3.ggpht.com/FqbAczaNRpl-VQPD65GuU6gx73ebl3fk6pqSLHsIy7W5gyi98rF6oJj33mwRGZ692-5AnYD39gfbkewiFOBt","2012-05-01 00:00:00","2013-09-03 01:16:24.126210",2,0,0,"cerro manquehue","42718019,13343006,8339443,8166383,8045054,8001555"
43821069,"-33.3347256217","-70.5679240796","Mariposita Blanca","Schizanthus pinnatus","Poor Man's Orchid, White Butterfly<br>
Family:	Solanaceae<br>
Se trata de una planta anual de 20 a 50 cm de altura, glanduloso-pubescente, con hojas pinatisectas de 2,5 a 3 cm de largo, dividida en 6 a 8 pares de segmentos oblongo-lineales, enteros o partidos. Las flores son blancas, rosadas o violáceas, de 2 a 3 cm de diámetro, dispuestas en inflorescencias paniculadas, a veces dicotómicas. El fruto es una cápsula globosa de más o menos 5 mm de largo. Oriunda de Chile, también se la cultiva como ornamental. Se la conoce popularmente como ""mariposita"" o ""mariposita blanca"".",,,"plant","south_america","Chile","http://lh3.ggpht.com/-KhOGUIReNxux0TMmKapvzvMEPkVwslQF3UoLS0CUCbvrQaGvL1h6holjKKMlsJ36EmFABop0HYU2FoHXB6WSQ","2012-09-17 00:00:00","2013-10-11 00:32:58.010520",5,0,3,"white; purple; púrpura; morado; violeta; blanco; violet; herb; hierba; flor; flower; small; pequeña; nativa","42718019,13343006,5013012,8001555"
38348039,"-33.3536776965","-70.5195716394","Colibrí","Sephanoides sephaniodes",,,,"bird","south_america","Chile","http://lh4.ggpht.com/P8h-zbSl-pIhWoqj_Hn7efMqdqGZTTDzviBwIsWuRgx6k-db4uyzUt_MsgTl44G313-pifF27e1YCpGP03h9VQ","2012-05-27 00:00:00","2013-09-03 01:54:34.739170",0,0,0,"hummingbird; cerro manquehue","5033011,42718019,23321052,8058355,10756138,35017,8229211"
27771005,"-33.334775382","-70.566649772","Cardo Blanco","Silybum marianum","El Cardo blanco o Cardo Mariano es una planta de la familia de las Asteraceae.
<br>
Posee hojas basales lobuladas con manchas blancas (de ahí su nombre común); las del tallos auriculadas y espinosas. Sus capítulos poseen brácteas espinosas, bastante largas, y sus flores son tubulosas de color morado. Sus aquenios son grandes, negros y brillantes, con las cerdas del pappus simples.<br>
 <br>
Milk thistle, is an annual or biannual plant of the Asteraceae family. This fairly typical thistle has red to purple flowers and shiny pale green leaves with white veins. Originally a native of Southern Europe through to Asia, it is now found throughout the world. The medicinal parts of the plant are the ripe seeds.<br>
In herbalism, it is used in cases of liver diseases (cirrhosis, jaundice and hepatitis), gallbladder disease, and is claimed to protect the liver against poisons.","De origen europeo. Vive en sitios eriazos, terrenos degradados, orilla de caminos, etc.<br>
En Chile habita según Matthei (1995) desde la Región del Coquimbo hasta la Región de los Lagos, y también en Juan Fernández.<br>
 <br>
Possibly native near the coast of south east England. It has been widely introduced outside its natural range",,"plant","south_america","Chile","http://lh3.ggpht.com/Rygfq56bSnZjCCyp9V51wtb2nBa_vGVNWj0XvpCiBTAeOgQLlo2qkD6VShqDylCcA8HGNoBwDTE-RxpjgDc","2012-09-09 00:00:00","2013-06-19 00:25:24.879260",1,0,1,"cardo; cerro manquehue; milk thistle","42718019,13343006,8045054,5013012,8001555"
159996045,"-33.351896077","-70.5602797838","Natre","Solanum ligustrinum",,,,"plant","south_america","Chile","http://lh3.ggpht.com/w7QDPlZwBSGL2XDwWLb8jWmpzws_hDYLdRmCeht6SyD6TTqlHl5_2gcOQ8ecSAfCxhlrLfeOFitLEk1cItuLPw","2012-09-19 00:00:00","2014-02-13 00:10:12.332790",0,0,2,"purple; green; yellow; verde; púrpura; morado; amarillo; arbusto; bush; cerro manquehue; flower; flor","42718019,13343006,8045054,5013012,8001555"
37879068,"-33.3520216285","-70.5634794235","Natre","Solanum ligustrinum",,,,"plant","south_america","Chile","http://lh4.ggpht.com/ioj1Ul6Yo_LberGj4eKGViTq1lmrBlomyhVv5MAFG728tZINxk-bv3fK6oUJRG-0prLw3HzUGPvhH49DYYtvmA","2012-07-15 00:00:00","2013-09-05 02:41:10.139550",1,0,0,"cerro manquehue","42718019,23321052,13343006,8045054,5013012,8001555"
240416012,"-33.2959379209","-70.5189898583","Quilloi-quilloi","Stellaria chilensis","Family: Caryophyllaceae<br>
Hierba perenne, nativa.
Frecuente en el matorral y bosque esclerofilos de Chile Central.",,,"plant","south_america","Chile","http://lh6.ggpht.com/t6v3sfYFED4yfZvNHP7UpduDUvgvVAH8ZIfmUqAHSNnI4xGQQPhj7OrKzSUG_T7W9_SFem3dvvSf1iYV4FqzLg","2012-09-28 00:00:00","2014-04-09 17:47:56.322370",0,0,0,"flor; flower; white; blanco; six; seis; herb; hierba; herbácea","42718019,13343006,5013012,8001555"
241826066,"-33.2869698023","-70.500622091","Quilloy-quilloi","Stellaria chilensis","Family: Caryophyllaceae<br>
Hierba perenne, nativa.","Frecuente en el matorral y bosque esclerofilos de Chile Central.",,"plant","south_america","Chile","http://lh5.ggpht.com/O1aR54qiZTdJGkwLNyCvel_7CVr0W-c_mLqcouSMHzwfPwsU_W8wKS6j0axG128sy4ZPQ3A3GEhPOfI2jMiEEQ","2012-09-28 00:00:00","2014-04-12 02:12:18.282640",0,0,0,"white; blanca; blanco; flower; flor; hierba; herb","42718019,13343006,5013012,8001555"
38474059,"-33.3533640358","-70.5192658676","Stereum hirsutum","Stereum hirsutum",,,,"fungi","south_america","Chile","http://lh5.ggpht.com/fkDCwOcCbFV67hc1hHmrSrwGdljros9KGUPB3mm7wGYqDiHKM3SiK9-XS8075L4OZRFZ7FfhjALgds_IFL5s","2012-07-03 00:00:00","2013-09-03 02:30:32.784470",1,0,2,"cerro manquehue","42718019,23321052,8508746,8305935,8468060,8001555"
37850002,"-33.3536597731","-70.5192712319","Loica","Sturnella loyca","It is 25 to 28 cm long with a fairly long tail and a long, pointed bill. The male is mostly dark brown with blackish streaking. The breast and throat are bright red and there is a white spot on the face near the base of the bill. The bold supercilium is white behind the eye and red in front of it. Females are paler than the males. The red markings are restricted to a wash on the belly and the supercilium and throat are buff.<br>
 <br>
Lo que más caracteriza a esta aves es su mancha roja en su pecho, garganta y cara. La mayoría de su parte trasera es de un color negruzco y café. Posee una cola corta, patas grises, y pico grisáceo. En su cabeza tiene una especie de banda blanquecina.","Grasslands, fields, and suburbs.",,"bird","south_america","Chile","http://lh4.ggpht.com/CSZenS3tWKfb0XNcJCOPCj7oOz6ezDqrlEhKEetVltiTKPGlm1jsALCOKGxOvmggE2vU7OXzV6w7wWQbToQ","2012-07-15 00:00:00","2013-08-27 06:09:16.178980",4,0,0,"cerro manquehue","5033011,42718019,8058355,10756138,35017,8229211,8001555"
38225063,"-33.3507270008","-70.564313568","Sírfido","Syrphidae","Syrphidae",,,"invertebrate","south_america","Chile","http://lh4.ggpht.com/cnkLnK39gGAhoYLw-J4rFTcQdUc2-e6D3mTZHR-xQSx6vCoS4QrOcO_527Z8r0ip6Ma22czQayQ2co2ol7w","2012-07-15 00:00:00","2013-09-05 02:35:07.238530",0,0,0,"cerro manquehue","42718019,8058355,15711838,8526126,7740674,8001555"
38449360,"-33.3455490389","-70.5685863269","Sírfido","Syrphidae","Syrphidae",,,"invertebrate","south_america","Chile","http://lh6.ggpht.com/NSiR1a5V6LQ_MTalU8kNGx8ORCsycIYfUtbz3Ledh0DXVOdHDMuT_LVpMJYZuSvkYlVkAXqPXpO4ovlIzgE5","2012-07-15 00:00:00","2013-09-04 16:30:47.458100",0,0,0,"cerro manquehue","42718019,15711838,8526126,7740674,8001555"
42991006,"-33.3339327935","-70.5711505187","Tralhuen","Talguenea quinquinervia",,,,"plant","south_america","Chile","http://lh6.ggpht.com/c1CmH96GMxjh1paYF_HH9Qu6otZE30cYJqwxF_Ualv7p4pN6bIGqWG6ZdyPPaZnAWXnuPqmE4JZvjYUn2Zvc","2012-09-01 00:00:00","2013-10-06 17:52:16.798720",0,0,0,"cerro manquehue","42718019,13343006,8305935,5013012,8001555"
42419003,"-33.3387103413","-70.5674866212","Tralhuen","Talguenea quinquinervia",,,,"plant","south_america","Chile","http://lh3.ggpht.com/u-qceFw253_r5FR4ebudSqFDyNAk26Xf4GzH7R7oupbAzYPKbnQA6U2p2qEGyY0yUjqHC16GO2yihcu2nQ0m","2012-07-22 00:00:00","2013-10-04 22:51:36.698840",0,0,0,"cerro manquehue","42718019,13343006,8166383,8001555"
37214440,"-33.3536597731","-70.5192712319","Mariposa Blanca","Tatochila sp.","White butterfly with black pattern on the wings.",,,"invertebrate","south_america","Chile","http://lh6.ggpht.com/SRbdf317pYdOnjPwmY2Z62ykownXpcpyUhXwtGEQxw5f4qx2-Bt1b_Eu_YHOC7JX8Zsvrd39ct9ayFYZXt8","2012-07-22 00:00:00","2013-08-20 00:57:32.044060",0,2,0,,"42718019,15711838,4989013,8001555"
231066063,"-33.3337821905","-70.5681118341","Mariposa Blanca","Tatochila theodice theodice","Es una de las mariposas blancas de chile y pertenece a un género relativamente abundante en nuestro territorio; las Tatochilas, mariposas blancas con variaciones blanquecinas que tienden al amarillo o al gris, con manchas negras tipo pequeñas “puntas de flecha”; mientras que en su faz ventral presentan un atractivo diseño a rayas en fuerte color amarillo con manchas anaranjadas. La hembra de esta Tatochila presenta dibujos negros mucho más densos que el macho, tanto en las alas superiores como inferiores de su faz ventral, haciendo del dimorfismo sexual una de sus características evidentes. Con una envergadura alar entre 32 y 50 mm es una especie fácil de ver durante el vuelo<br>
Comportamiento<br>
Se le ha visto volar sobre diversas flores entre ellas el quinchamali (Quinchamalium sp.) y algunas plantas introducidas como el berro del agua, (Nasturtium officinale). En Chile, es una especie exclusiva de pie de monte andino y faldas de la cordillera de la costa, distribuyéndose desde la cordillera al mar pero siempre en estas específicas eco-zonas. Un estudio del año 1988 concluyó que en ninguna oportunidad Tatochila theodice pudo ser asociada a Tropaeolum, planta nativa conocida por ser un importante hospedero de los piéridos chilenos.  Al parecer, esta Tatochila desarrolla hábitos de alimentación diferenciados al resto de su familia. Hacia el sur de su distribución los machos vuelan zigzagueante entre las matas de hierbas e introduciéndose en ellas para evitar fuertes vientos o cortejar a alguna hembra. Es una especie donde las “persecuciones” entre machos son frecuentes pero durante no más de 20 segundos. Debido a que su vuelo no es tan fuerte y directo como otras Tatochilas, son más susceptibles a ser arrastradas a través de estepas de pasto por ventiscas ocasionales.<br>
Ciclos de Vida<br>
El huevo de esta especie no supera los 0.88 mm, de color naranja claro al principio y un poco más gris al final de su desarrollo. Luego de 5 días, eclosiona en una larva del mismo color y no más de 1 mm. Se alimenta de forma similar a las Colias, excavando líneas entre las finas venas de las hojas. Pasados casi 25 días puede alcanzar los 30 mm de longitud y esta lista para comenzar a pupar. Es un larva de color azul marino y cabeza celeste con algunas manchitas anaranjadas y varias hileras de pelillos negros en el lomo. Se fija al sustrato en posición vertical formando un cinta de seda que le permite completar segura su última transformación. Durante el período pupario cambia su aspecto a medida que se desarrolla, desde un general gris azuloso con una línea negra de protuberancias en el lomo, hasta una marcada distinción de sus partes justo antes de que nazca el adulto.  Sin pausas de desarrollo este proceso puede durar entre 17 y 20 días.","Se distribuye entre la Región metropolitana y Aysén, y las provincias de Rio Negro y Santa Cruz en Argentina.  Es una de las pocas mariposas que se ha adaptado al complejo clima patagónico, a sus fuertes vientos y bajas temperaturas. Incluso se conocen dos sub-especies en tierra del fuego y en la Isla Navarino. Se distribuyen en grupos discontinuos ya que se alimentan y reproducen bajo condiciones ecológicas muy específicas y frecuentemente dañadas por la actividad ganadera y agrícola. Rara vez se les ve en estepas arbustivas o en sus bordes, su hábitat preferido son  los mellines: tierras bajas e inundables donde  suelen desarrollarse ricos y pequeños ecosistemas ampliamente utilizados como suelos de cultivo y fuente permanente de follaje.
",,"invertebrate","south_america","Chile","http://lh6.ggpht.com/AAfA2xIuv_rtOGJoN91jKIfuwj51aTmOu6hAZJ9xvgO_0jiyAY6VmeTBH5daNWAiApq-LAe_vNjaZpjFDXI-","2012-09-23 00:00:00","2014-03-31 01:34:36.888260",0,0,0,"butterfly; mariposa; blanca; white; cerro manquehue","42718019,15711838,7740674,4989013,8001555"
37928154,"-33.3481750279","-70.5652550233","Liquen","Teloschistes chrysophthalmus",,,,"fungi","south_america","Chile","http://lh3.ggpht.com/2-b3sTgzsqTr0Q3-Zwz9E232Ci1xwoUnHDXyt6EwynD_YxPL5urQneC5FHNouy6PWnMYc0CrKLeg6tXZGOD8","2012-05-01 00:00:00","2013-09-03 01:11:27.400900",3,0,0,"liquen; lichen; cerro manquehue","42718019,23321052,13343006,8624860,8001555"
42471007,"-33.3535163854","-70.5195501817","Chercán","Troglodytes aedon",,,,"bird","south_america","Chile","http://lh6.ggpht.com/SfvdQGlm9f60jFUGk-8WtjRRL-r199arivSQMw56v8NezelId3tpmt18cRbiq0Zdn-k6vzgVhX7C_5X9Zlzk","2012-08-08 00:00:00","2013-10-05 02:33:44.445900",1,0,0,"cerro manquehue","5033011,42718019,10756138,35017,8229211,8001555"
243836047,"-33.3097739194","-70.5234584186","Soldaditos","Tropaeolum tricolor","Family: Tropaeolaceae<br>
Little soldiers,  Three-coloured Indian cress<br>
Three-coloured Indian cress has thin, straggly stems growing from a reddish coloured root tuber and extending up to 2 or 3 metres (6 ft 7 in or 9 ft 10 in). The leaves are peltate (with the stalk in the centre), nearly circular with five or six deeply cut lobes. The numerous flowers are borne singly on long wiry stalks growing from the axils of the leaves. They are narrowly funnel-shaped and about 3 centimetres (1.2 in) long. The five sepals are red, orange or yellow tipped with a purple band, and extending backwards in a red spur. The small, greenish-yellow rounded petals have a clawed base. The sepals turn brown after the flowers fall and enclose the two or three, dark brown seeds.<br>
The tubers are well buried and are hardy down to a temperature of about −8 °C (18 °F) and can tolerate short periods of snow cover.<br>
 <br>
Hierba trepadora perenne, muy polimorfa, cuyos tallos alcanzan una longitud de hasta 4m. Hojas alternas, digitadas de 1,5-2cm de diámetro, compuestas por 5 foliolos lanceolados. Flores solitarias con pedúnculos de 2-3cm; cáliz tubular de color púrpura con amarillo y violeta, presenta un espolón largo, corola compuesta por 5 pétalos desiguales de color amarillo. Estambres 8. El fruto es un cápsula tricoca.","Three-coloured Indian cress grows in the cloud forest on the coastal mountains of northern Chile at 300 to 900 metres (980 to 2,950 ft). Further south it grows in inland temperate forests in the central and Los Lagos regions at varying heights. Here it grows on level ground or north facing slopes in full sun or dappled shade. It can endure periods of drought of up to 10 months in the summer.<br>
 <br>
Soldadito es endémico de Chile y crece entre Antofagasta y Valdivia (II a X región). Habita enredado en matorrales en lugares soleados, frecuente a la orilla de los caminos.",,"plant","south_america","Chile","http://lh5.ggpht.com/ADZFfQtLGwGI6OfuSnPrRWOZNQ-JlytSQxusdJOv7scuO29artsXMz4fmoq-S3eMJfs_wqpnErzDiWHf0jk","2012-09-28 00:00:00","2014-04-12 12:26:08.502390",19,0,5,"flor; flower; red; purple; yellow; rojo; purpura; púrpura; amarillo; morado; vine; enredadera; trepadora","42718019,13343006,4950011,5013012,8001555"
37080039,"-33.353498462","-70.5195716393","Zorzal","Turdus falcklandii","Austral Thrush<br>
Measures around 24 cm<br>
On of the most commonly found birds in Chile.<br> 
It loves worms.<br>
superior taxa: Turdidae, Passeriformes",,,"bird","south_america","Chile","http://lh3.ggpht.com/fkF5-IOU0-DdLwhz5Gru5yoIkHgQVSw0HvARdh53q0FC5aQnyGV3MU1gtbXySmcOeCo475jnXurF9pvbMQ0P","2012-04-09 00:00:00","2013-08-15 01:37:58.883800",0,0,0,"aves; pájaros; birds; chile; santiago","5033011,42718019,23321052,8058355,10756138,8229211,8001555"
37956385,"-33.3460509405","-70.5677494777","Ortiga","Urtica urens",,,,"plant","south_america","Chile","http://lh4.ggpht.com/XEgIZWilVOdCh1VyzbtMy-GJB7TdyBgoAcf3SWAAcFUjT0PW4jQdZxkgbdvngIslxGMME5nVtUJ-vgd1DT--yQ","2012-07-15 00:00:00","2013-09-04 19:46:15.280200",0,0,0,"cerro manquehue","42718019,13343006,8001555"
42701020,"-33.3391540215","-70.5673954261","Mariposa de la tarde","Vanessa carye",,,"Vanessa carye on the flowers of Talguenea quinquinervia (Tralhuen).","invertebrate","south_america","Chile","http://lh6.ggpht.com/DgnwGlGT_dXcGE48ZBueGcSsBVQbS23mibnXjdYPax9dH7EK-sVH4n3d_w2DSF0u_LmXfXltXB6-VPg8QVE","2012-09-01 00:00:00","2013-10-05 19:14:42.333640",0,0,0,"cerro manquehue","42718019,8058355,15711838,7740674,4989013,8001555"
38046049,"-33.3398217783","-70.5499986184","Mariposa de la Tarde","Vanessa carye",,,,"invertebrate","south_america","Chile","http://lh3.ggpht.com/u8iIiPMwzNN6_RUvQl7tUXLU-eBJF9sGxsW8Eyb_TqMZeuNs0NrIqys7Qr-vr4gdYMCdWFwluE5bzU9MhzG50Q","2012-04-14 00:00:00","2013-08-28 01:45:07.532710",2,0,0,"butterfly; cerro manquehue","42718019,15711838,10756138,4989013,8001555"
14392056,"-33.3446162373","-70.5684028956","Veronica persica (Persian Speedwell)","Veronica persica","Persian Speedwell, Azulete<br>
Superior Taxa: Scrophulariaceae / Scrophulariales <br>

Las flores son de color azul cielo oscuro con rayas oscuras y un centro blanco, y son zigomórficas (sólo tienen un plano de simetría, que es vertical). Son solitarios en brotes pilosos y delgados, en las axilas de las hojas.<br>
La semilla deja aparecer cotiledones triangulares , con base truncada. Hojas de pedúnculo corto, ampliamente aovadas, con márgenes serrados. V. persica tiene tallos débiles que forman una densa cubierta, postrada en tierra. Los brotes de tallos son a menudo ascendente, y las hojas más bajas son apareadas, y alternadas en la parte superior del tallo. Las hojas de peciolo corto son más grandes que aquellas más amplias y toscamente dentadas.<br>
 <br>
The flowers (8-11 mm wide) are sky-blue with dark stripes and a white center, and they are zygomorphic (they only have one plane of symmetry, which is vertical). They are solitary on long, slender, hairy stalks in the leaf axils. <br>

The seeds are transversely rugose, 1.2-1.8 mm, 5-10 per locule.<br>
The seed leaves are broadly triangular cotyledons, with truncated base. The short-stalked leaves are broadly ovate (1-2 cm), having coarsely serrated margins. V. persica has weak stems that form a dense, prostrate ground cover. Tips of stems are often ascending. Leaves on the lower stems are paired, but are alternate on the upper portion of the stem. The short-petioled leaves are longer than they are broad and coarsely toothed.","Veronica persica es una especie fanerógama de planta nativa de Eurasia, pero también muy extendida en los Estados Unidos, y el este de Asia (incluyendo Japón).<br>
 <br>
Veronica persica (common names: Persian speedwell, large field speedwell, bird's-eye, or winter speedwell ) is a flowering plant native of Eurasia. First recorded in Britain in 1825 and now widespread in the United States, and east Asia (including Japan).",,"plant","south_america","Chile","http://lh4.ggpht.com/x0c1FL2975xNAQwPdpqNCA0vtXhHgl5rngPes4ZzZR7ZxQbYI8cXx4UY58Pr9korU_OGcbqyJw2QVxgkAiHQ","2012-09-19 00:00:00","2012-09-20 10:41:02.140146",1,0,0,"chile; santiago; cerro manquehue; pequeña; chica; small; ground cover; cubre suelo","42718019,8382876,5013012,8001555"
325236016,"-33.3348130175","-70.566363034","Vicia","Vicia sp.",,,,"plant","south_america","Chile","http://lh4.ggpht.com/RZxtNErqrYq1fYO3lb9RBdrRK9KjS1S4iAjTf69D_zcjm-GM8TLxoRXerhaaUdTENyd1jqdHjcvOrkLfmUQU","2012-10-15 00:00:00","2014-05-20 13:21:53.927350",1,0,0,"purple; fucsia; morado; trompeta; rosado; púrpura; hierba; herb; cerro manquehue","42718019,13343006,4950011,5013012,8001555"
16954344,"-33.3522027905","-70.5208875628","Fire-eyed Diucon","Xolmis pyrope","This bird is a powerful shaman, a good companion for walking in the woods, says the popular wisdom in Chiloé.
The “Yaganes” say one mus treat the Diucon nicely or big storms will arise with southern wind. <br>
<br>
Diucón, Hurco, Urco, Hilco, Mandao (Chiloé), Papamosca<br>
Superior taxa: 	Tyrannidae / Passeriformes<br>
Mide entre 19 y 21 cm de largo. Su plumaje es principalmente llano y gris, presentando primarias y cobertoras con distintas tonalidades de grises oscuros. Los ojos son de color rojo brillante, excepto en los ejemplares inmaduros, que los tienen de color pardo.<br>
Sabiduría Popular: Chile: El canto del Diucón remeda los goterones o nubadas. Por eso las comunidades Lafkenches asocian este canto con la venida de chubascos repentinos y locales (Lago Budi). Para las comunidades Huilliches “cuando el Diucón se eleva desde una rama y se deja caer sobre la misma rama, es porque está anunciando el mal tiempo” (Chequián, Chanquín y Huentemó, Chiloé). Para estas comunidades el Diucón tiene poderes y es un buen chamán que acompaña a los caminantes por el bosque, observándolos y cuidándolos desde las copas de los árboles o arbustos. Los Yaganes dicen “que al Diucón hay que tratarlo bien porque es un chamán poderoso, si uno le tira piedras sobrevienen tormentas y temporales de viento Sur”
 <br>
It is 19–21 cm long. The upperparts are mainly plain grey. The underparts are pale grey with white throat and undertail-coverts. The eyes are bright coral-red, for which the bird is named.","Habita la mayor parte de Chile, desde Copiapó hasta Tierra del Fuego, el sur de Argentina y las islas Malvinas. Su hábitat corresponde a terrenos abiertos con presencia de arbustos o árboles.<br>
 <br>
It is found in central and southern Chile, southwestern Argentina, and Tierra del Fuego. Vagrant birds have occurred just eastwards of Tierra del Fuego in the Falkland Islands.","At plain sight its eyes aren't that notorious, but when examining the pictures on the camera... Surprise! Fiery eyes jump out of the screen.<br>
This particular fellow, stalked us the whole day we were gardening outside, waiting for the soil that had just been turned over.","bird","south_america","Chile","http://lh5.ggpht.com/BOl1EXdfdb-foJeFGtFOAvcbir4VEDhQMCbqkphcO2rK5BSNaYl-3sf083IFyFYee7jVsCPA3WFw8o-3PG6f","2012-08-11 00:00:00","2012-12-29 19:02:46.025842",9,0,8,,"5033011,42718019,10756138,35017,8001555,8621478"
246696015,"-33.3476390699","-70.5444011066","Tórtola","Zenaida auriculata","Family: Columbidae<br>
The Eared Dove (Zenaida auriculata) is a New World tropical dove. It is a resident breeder throughout South America from Colombia to southern Argentina and Chile, and on the offshore islands from the Grenadines southwards. It may be a relatively recent colonist of Tobago and Trinidad. It appears to be partially migratory, its movements driven by food supplies.
<br>
 <br>
La zenaida torcaza, tórtola torcaza, tórtola orejuda o palomita montera es una especie de ave columbiforme de la familia Columbidae propia de Sudamérica.<br>
Los machos presentan coloración celeste en la parte superior de la cabeza y ligera coloración rosada o dorada en el pecho; otro dato importante respecto a los machos es que realizan un canto muy peculiar y muy distinto a otras aves. Las hembras presentan color oscuro, es decir no tienen tonalidades diferentes a su plumaje normal y por supuesto no cantan.","Se puede encontrar en lugares abiertos aunque se ha adaptado muy bien a las zonas urbanas.<br>
Construye un nido pequeño en un árbol donde pone dos huevos blancos que eclosionan en 12 a 14 días. Mide 24 cm de largo.<br>
Vive comúnmente en Sudamérica habiendo aparecido pequeñas colonias en Trinidad y Tobago y las Antillas Holandesas.","Found these chicks while pruning a willow tree, didn't notice them even while standing one foot away.","bird","south_america","Chile","http://lh4.ggpht.com/u7YRmhkdny9TdUVkMdbKC04OLVxJ-8TvE_oFcEBeCQrogTWP2ayQCNbK8l_E6oxDdQblntUjsePsnwrLsvpnMw","2012-10-28 00:00:00","2014-04-15 18:33:18.142610",3,0,0,"tórtola; ave; bird; paloma; torcaza; dove; pigeon; chick; polluelo; nido; nest","5033011,42718019,10756138,35017,8082378,8001555"
162726077,"-33.3518355841","-70.5594697567","Sírfido","Syrphidae","Family: Syrphidae",,,"invertebrate","south_america","Chile","http://lh5.ggpht.com/htucxSxImr5CxRneM6UF2VF1BtfSZv1E-PBDMxFjqCpmErMkB-q3I9HSAixiX3sUHiHjlPVs2cVq9lXN5-Br","2012-09-19 00:00:00","2014-02-12 21:59:22.112970",0,0,0,"mosca; fly; hoverfly; black; yellow; negro; amarillo; mosca abeja; cerro manquehue","42718019,15711838,8526126,7740674,8001555"
